file,line,type,commit,author,date,time,timezone,datetime,depth,length
style.css,1,css,3513bc8c,Natalie Huynh,2026-04-09,22:54:24,-07:00,2026-04-09T22:54:24-07:00,0,5
style.css,2,css,3513bc8c,Natalie Huynh,2026-04-09,22:54:24,-07:00,2026-04-09T22:54:24-07:00,1,31
style.css,3,css,e0dce533,Natalie Huynh,2026-04-09,22:55:56,-07:00,2026-04-09T22:55:56-07:00,1,60
style.css,4,css,73b57635,Natalie Huynh,2026-04-16,22:11:37,-07:00,2026-04-16T22:11:37-07:00,0,0
style.css,5,css,73b57635,Natalie Huynh,2026-04-16,22:11:37,-07:00,2026-04-16T22:11:37-07:00,1,39
style.css,6,css,3513bc8c,Natalie Huynh,2026-04-09,22:54:24,-07:00,2026-04-09T22:54:24-07:00,0,0
style.css,7,css,3513bc8c,Natalie Huynh,2026-04-09,22:54:24,-07:00,2026-04-09T22:54:24-07:00,0,0
style.css,8,css,3513bc8c,Natalie Huynh,2026-04-09,22:54:24,-07:00,2026-04-09T22:54:24-07:00,0,4
style.css,9,css,3513bc8c,Natalie Huynh,2026-04-09,22:54:24,-07:00,2026-04-09T22:54:24-07:00,1,32
style.css,10,css,e1033d29,Natalie Huynh,2026-05-01,16:47:47,-07:00,2026-05-01T16:47:47-07:00,1,23
style.css,11,css,3513bc8c,Natalie Huynh,2026-04-09,22:54:24,-07:00,2026-04-09T22:54:24-07:00,0,0
style.css,12,css,3513bc8c,Natalie Huynh,2026-04-09,22:54:24,-07:00,2026-04-09T22:54:24-07:00,0,0
style.css,13,css,d0d94a60,Natalie Huynh,2026-03-30,23:13:51,-07:00,2026-03-30T23:13:51-07:00,0,4
style.css,14,css,d0d94a60,Natalie Huynh,2026-03-30,23:13:51,-07:00,2026-03-30T23:13:51-07:00,1,23
style.css,15,css,d90124ca,Natalie Huynh,2026-04-09,22:47:55,-07:00,2026-04-09T22:47:55-07:00,1,15
style.css,16,css,8aa7b228,Natalie Huynh,2026-04-09,22:03:03,-07:00,2026-04-09T22:03:03-07:00,1,42
style.css,17,css,73b57635,Natalie Huynh,2026-04-16,22:11:37,-07:00,2026-04-16T22:11:37-07:00,0,0
style.css,18,css,73b57635,Natalie Huynh,2026-04-16,22:11:37,-07:00,2026-04-16T22:11:37-07:00,1,23
style.css,19,css,73b57635,Natalie Huynh,2026-04-16,22:11:37,-07:00,2026-04-16T22:11:37-07:00,1,16
style.css,20,css,7975800b,Natalie Huynh,2026-04-09,22:39:59,-07:00,2026-04-09T22:39:59-07:00,0,0
style.css,21,css,d90124ca,Natalie Huynh,2026-04-09,22:47:55,-07:00,2026-04-09T22:47:55-07:00,0,0
style.css,22,css,e1033d29,Natalie Huynh,2026-05-01,16:47:47,-07:00,2026-05-01T16:47:47-07:00,0,26
style.css,23,css,e1033d29,Natalie Huynh,2026-05-01,16:47:47,-07:00,2026-05-01T16:47:47-07:00,1,12
style.css,24,css,e1033d29,Natalie Huynh,2026-05-01,16:47:47,-07:00,2026-05-01T16:47:47-07:00,0,26
style.css,25,css,2d11a5a4,Natalie Huynh,2026-04-16,22:17:07,-07:00,2026-04-16T22:17:07-07:00,0,13
style.css,26,css,c03efba8,Natalie Huynh,2026-04-24,16:08:36,-07:00,2026-04-24T16:08:36-07:00,1,15
style.css,27,css,c03efba8,Natalie Huynh,2026-04-24,16:08:36,-07:00,2026-04-24T16:08:36-07:00,1,12
style.css,28,css,c03efba8,Natalie Huynh,2026-04-24,16:08:36,-07:00,2026-04-24T16:08:36-07:00,1,24
style.css,29,css,c03efba8,Natalie Huynh,2026-04-24,16:08:36,-07:00,2026-04-24T16:08:36-07:00,1,18
style.css,30,css,2d11a5a4,Natalie Huynh,2026-04-16,22:17:07,-07:00,2026-04-16T22:17:07-07:00,1,13
style.css,31,css,c03efba8,Natalie Huynh,2026-04-24,16:08:36,-07:00,2026-04-24T16:08:36-07:00,1,10
style.css,32,css,2d11a5a4,Natalie Huynh,2026-04-16,22:17:07,-07:00,2026-04-16T22:17:07-07:00,0,0
style.css,33,css,2d11a5a4,Natalie Huynh,2026-04-16,22:17:07,-07:00,2026-04-16T22:17:07-07:00,0,0
style.css,34,css,2d11a5a4,Natalie Huynh,2026-04-16,22:17:07,-07:00,2026-04-16T22:17:07-07:00,0,20
style.css,35,css,2d11a5a4,Natalie Huynh,2026-04-16,22:17:07,-07:00,2026-04-16T22:17:07-07:00,1,12
style.css,36,css,2d11a5a4,Natalie Huynh,2026-04-16,22:17:07,-07:00,2026-04-16T22:17:07-07:00,0,0
style.css,37,css,2d11a5a4,Natalie Huynh,2026-04-16,22:17:07,-07:00,2026-04-16T22:17:07-07:00,0,0
style.css,38,css,2d11a5a4,Natalie Huynh,2026-04-16,22:17:07,-07:00,2026-04-16T22:17:07-07:00,0,26
style.css,39,css,2d11a5a4,Natalie Huynh,2026-04-16,22:17:07,-07:00,2026-04-16T22:17:07-07:00,1,5
style.css,40,css,2d11a5a4,Natalie Huynh,2026-04-16,22:17:07,-07:00,2026-04-16T22:17:07-07:00,0,26
style.css,41,css,d90124ca,Natalie Huynh,2026-04-09,22:47:55,-07:00,2026-04-09T22:47:55-07:00,0,3
style.css,42,css,d90124ca,Natalie Huynh,2026-04-09,22:47:55,-07:00,2026-04-09T22:47:55-07:00,1,12
style.css,43,css,7975800b,Natalie Huynh,2026-04-09,22:39:59,-07:00,2026-04-09T22:39:59-07:00,1,17
style.css,44,css,7341603e,Natalie Huynh,2026-04-16,22:09:00,-07:00,2026-04-16T22:09:00-07:00,1,43
style.css,45,css,7975800b,Natalie Huynh,2026-04-09,22:39:59,-07:00,2026-04-09T22:39:59-07:00,0,0
style.css,46,css,7975800b,Natalie Huynh,2026-04-09,22:39:59,-07:00,2026-04-09T22:39:59-07:00,0,0
style.css,47,css,7975800b,Natalie Huynh,2026-04-09,22:39:59,-07:00,2026-04-09T22:39:59-07:00,0,5
style.css,48,css,7975800b,Natalie Huynh,2026-04-09,22:39:59,-07:00,2026-04-09T22:39:59-07:00,1,6
style.css,49,css,7975800b,Natalie Huynh,2026-04-09,22:39:59,-07:00,2026-04-09T22:39:59-07:00,1,17
style.css,50,css,7975800b,Natalie Huynh,2026-04-09,22:39:59,-07:00,2026-04-09T22:39:59-07:00,1,13
style.css,51,css,e1033d29,Natalie Huynh,2026-05-01,16:47:47,-07:00,2026-05-01T16:47:47-07:00,1,20
style.css,52,css,e1033d29,Natalie Huynh,2026-05-01,16:47:47,-07:00,2026-05-01T16:47:47-07:00,1,13
style.css,53,css,7975800b,Natalie Huynh,2026-04-09,22:39:59,-07:00,2026-04-09T22:39:59-07:00,0,0
style.css,54,css,7975800b,Natalie Huynh,2026-04-09,22:39:59,-07:00,2026-04-09T22:39:59-07:00,0,0
style.css,55,css,7975800b,Natalie Huynh,2026-04-09,22:39:59,-07:00,2026-04-09T22:39:59-07:00,0,13
style.css,56,css,7341603e,Natalie Huynh,2026-04-16,22:09:00,-07:00,2026-04-16T22:09:00-07:00,1,45
style.css,57,css,7975800b,Natalie Huynh,2026-04-09,22:39:59,-07:00,2026-04-09T22:39:59-07:00,1,20
style.css,58,css,3513bc8c,Natalie Huynh,2026-04-09,22:54:24,-07:00,2026-04-09T22:54:24-07:00,0,0
style.css,59,css,3513bc8c,Natalie Huynh,2026-04-09,22:54:24,-07:00,2026-04-09T22:54:24-07:00,0,0
style.css,60,css,3513bc8c,Natalie Huynh,2026-04-09,22:54:24,-07:00,2026-04-09T22:54:24-07:00,0,11
style.css,61,css,73b57635,Natalie Huynh,2026-04-16,22:11:37,-07:00,2026-04-16T22:11:37-07:00,1,69
style.css,62,css,3513bc8c,Natalie Huynh,2026-04-09,22:54:24,-07:00,2026-04-09T22:54:24-07:00,1,45
style.css,63,css,3513bc8c,Natalie Huynh,2026-04-09,22:54:24,-07:00,2026-04-09T22:54:24-07:00,1,20
style.css,64,css,c1c507aa,Natalie Huynh,2026-04-09,23:52:40,-07:00,2026-04-09T23:52:40-07:00,0,0
style.css,65,css,c1c507aa,Natalie Huynh,2026-04-09,23:52:40,-07:00,2026-04-09T23:52:40-07:00,0,0
style.css,66,css,2d11a5a4,Natalie Huynh,2026-04-16,22:17:07,-07:00,2026-04-16T22:17:07-07:00,0,26
style.css,67,css,2d11a5a4,Natalie Huynh,2026-04-16,22:17:07,-07:00,2026-04-16T22:17:07-07:00,1,3
style.css,68,css,2d11a5a4,Natalie Huynh,2026-04-16,22:17:07,-07:00,2026-04-16T22:17:07-07:00,0,26
style.css,69,css,c1c507aa,Natalie Huynh,2026-04-09,23:52:40,-07:00,2026-04-09T23:52:40-07:00,0,4
style.css,70,css,c1c507aa,Natalie Huynh,2026-04-09,23:52:40,-07:00,2026-04-09T23:52:40-07:00,1,12
style.css,71,css,c1c507aa,Natalie Huynh,2026-04-09,23:52:40,-07:00,2026-04-09T23:52:40-07:00,1,30
style.css,72,css,c1c507aa,Natalie Huynh,2026-04-09,23:52:40,-07:00,2026-04-09T23:52:40-07:00,1,7
style.css,73,css,c1c507aa,Natalie Huynh,2026-04-09,23:52:40,-07:00,2026-04-09T23:52:40-07:00,0,0
style.css,74,css,c1c507aa,Natalie Huynh,2026-04-09,23:52:40,-07:00,2026-04-09T23:52:40-07:00,0,0
style.css,75,css,c1c507aa,Natalie Huynh,2026-04-09,23:52:40,-07:00,2026-04-09T23:52:40-07:00,0,10
style.css,76,css,c1c507aa,Natalie Huynh,2026-04-09,23:52:40,-07:00,2026-04-09T23:52:40-07:00,1,12
style.css,77,css,c1c507aa,Natalie Huynh,2026-04-09,23:52:40,-07:00,2026-04-09T23:52:40-07:00,1,29
style.css,78,css,c1c507aa,Natalie Huynh,2026-04-09,23:52:40,-07:00,2026-04-09T23:52:40-07:00,1,18
style.css,79,css,c1c507aa,Natalie Huynh,2026-04-09,23:52:40,-07:00,2026-04-09T23:52:40-07:00,1,18
style.css,80,css,c1c507aa,Natalie Huynh,2026-04-09,23:52:40,-07:00,2026-04-09T23:52:40-07:00,0,0
style.css,81,css,c1c507aa,Natalie Huynh,2026-04-09,23:52:40,-07:00,2026-04-09T23:52:40-07:00,0,0
style.css,82,css,c1c507aa,Natalie Huynh,2026-04-09,23:52:40,-07:00,2026-04-09T23:52:40-07:00,0,4
style.css,83,css,2d11a5a4,Natalie Huynh,2026-04-16,22:17:07,-07:00,2026-04-16T22:17:07-07:00,0,7
style.css,84,css,2d11a5a4,Natalie Huynh,2026-04-16,22:17:07,-07:00,2026-04-16T22:17:07-07:00,0,6
style.css,85,css,c1c507aa,Natalie Huynh,2026-04-09,23:52:40,-07:00,2026-04-09T23:52:40-07:00,1,10
style.css,86,css,c1c507aa,Natalie Huynh,2026-04-09,23:52:40,-07:00,2026-04-09T23:52:40-07:00,1,21
style.css,87,css,c1c507aa,Natalie Huynh,2026-04-09,23:52:40,-07:00,2026-04-09T23:52:40-07:00,1,12
style.css,88,css,c1c507aa,Natalie Huynh,2026-04-09,23:52:40,-07:00,2026-04-09T23:52:40-07:00,0,0
style.css,89,css,c1c507aa,Natalie Huynh,2026-04-09,23:52:40,-07:00,2026-04-09T23:52:40-07:00,0,0
style.css,90,css,c1c507aa,Natalie Huynh,2026-04-09,23:52:40,-07:00,2026-04-09T23:52:40-07:00,0,6
style.css,91,css,c1c507aa,Natalie Huynh,2026-04-09,23:52:40,-07:00,2026-04-09T23:52:40-07:00,1,18
style.css,92,css,c1c507aa,Natalie Huynh,2026-04-09,23:52:40,-07:00,2026-04-09T23:52:40-07:00,1,12
style.css,93,css,a644f948,Natalie Huynh,2026-04-10,00:08:32,-07:00,2026-04-10T00:08:32-07:00,0,0
style.css,94,css,a644f948,Natalie Huynh,2026-04-10,00:08:32,-07:00,2026-04-10T00:08:32-07:00,0,0
style.css,95,css,2d11a5a4,Natalie Huynh,2026-04-16,22:17:07,-07:00,2026-04-16T22:17:07-07:00,0,26
style.css,96,css,e1033d29,Natalie Huynh,2026-05-01,16:47:47,-07:00,2026-05-01T16:47:47-07:00,1,33
style.css,97,css,2d11a5a4,Natalie Huynh,2026-04-16,22:17:07,-07:00,2026-04-16T22:17:07-07:00,0,26
style.css,98,css,a644f948,Natalie Huynh,2026-04-10,00:08:32,-07:00,2026-04-10T00:08:32-07:00,0,9
style.css,99,css,a644f948,Natalie Huynh,2026-04-10,00:08:32,-07:00,2026-04-10T00:08:32-07:00,1,12
style.css,100,css,e1033d29,Natalie Huynh,2026-05-01,16:47:47,-07:00,2026-05-01T16:47:47-07:00,1,59
style.css,101,css,e1033d29,Natalie Huynh,2026-05-01,16:47:47,-07:00,2026-05-01T16:47:47-07:00,1,10
style.css,102,css,e1033d29,Natalie Huynh,2026-05-01,16:47:47,-07:00,2026-05-01T16:47:47-07:00,1,17
style.css,103,css,e1033d29,Natalie Huynh,2026-05-01,16:47:47,-07:00,2026-05-01T16:47:47-07:00,0,0
style.css,104,css,e1033d29,Natalie Huynh,2026-05-01,16:47:47,-07:00,2026-05-01T16:47:47-07:00,1,15
style.css,105,css,df96f8c9,Natalie Huynh,2026-04-10,00:11:36,-07:00,2026-04-10T00:11:36-07:00,0,0
style.css,106,css,df96f8c9,Natalie Huynh,2026-04-10,00:11:36,-07:00,2026-04-10T00:11:36-07:00,0,0
style.css,107,css,e1033d29,Natalie Huynh,2026-05-01,16:47:47,-07:00,2026-05-01T16:47:47-07:00,0,26
style.css,108,css,e1033d29,Natalie Huynh,2026-05-01,16:47:47,-07:00,2026-05-01T16:47:47-07:00,1,11
style.css,109,css,e1033d29,Natalie Huynh,2026-05-01,16:47:47,-07:00,2026-05-01T16:47:47-07:00,0,26
style.css,110,css,df96f8c9,Natalie Huynh,2026-04-10,00:11:36,-07:00,2026-04-10T00:11:36-07:00,0,17
style.css,111,css,e1033d29,Natalie Huynh,2026-05-01,16:47:47,-07:00,2026-05-01T16:47:47-07:00,1,12
style.css,112,css,e1033d29,Natalie Huynh,2026-05-01,16:47:47,-07:00,2026-05-01T16:47:47-07:00,1,21
style.css,113,css,e1033d29,Natalie Huynh,2026-05-01,16:47:47,-07:00,2026-05-01T16:47:47-07:00,1,10
style.css,114,css,e1033d29,Natalie Huynh,2026-05-01,16:47:47,-07:00,2026-05-01T16:47:47-07:00,0,0
style.css,115,css,e1033d29,Natalie Huynh,2026-05-01,16:47:47,-07:00,2026-05-01T16:47:47-07:00,1,12
style.css,116,css,e1033d29,Natalie Huynh,2026-05-01,16:47:47,-07:00,2026-05-01T16:47:47-07:00,1,17
style.css,117,css,e1033d29,Natalie Huynh,2026-05-01,16:47:47,-07:00,2026-05-01T16:47:47-07:00,0,0
style.css,118,css,e1033d29,Natalie Huynh,2026-05-01,16:47:47,-07:00,2026-05-01T16:47:47-07:00,1,23
style.css,119,css,e1033d29,Natalie Huynh,2026-05-01,16:47:47,-07:00,2026-05-01T16:47:47-07:00,1,16
style.css,120,css,e1033d29,Natalie Huynh,2026-05-01,16:47:47,-07:00,2026-05-01T16:47:47-07:00,0,0
style.css,121,css,e1033d29,Natalie Huynh,2026-05-01,16:47:47,-07:00,2026-05-01T16:47:47-07:00,1,65
style.css,122,css,e1033d29,Natalie Huynh,2026-05-01,16:47:47,-07:00,2026-05-01T16:47:47-07:00,0,0
style.css,123,css,e1033d29,Natalie Huynh,2026-05-01,16:47:47,-07:00,2026-05-01T16:47:47-07:00,1,70
style.css,124,css,e1033d29,Natalie Huynh,2026-05-01,16:47:47,-07:00,2026-05-01T16:47:47-07:00,0,0
style.css,125,css,e1033d29,Natalie Huynh,2026-05-01,16:47:47,-07:00,2026-05-01T16:47:47-07:00,1,31
style.css,126,css,df96f8c9,Natalie Huynh,2026-04-10,00:11:36,-07:00,2026-04-10T00:11:36-07:00,0,0
style.css,127,css,df96f8c9,Natalie Huynh,2026-04-10,00:11:36,-07:00,2026-04-10T00:11:36-07:00,0,0
style.css,128,css,e1033d29,Natalie Huynh,2026-05-01,16:47:47,-07:00,2026-05-01T16:47:47-07:00,0,23
style.css,129,css,e1033d29,Natalie Huynh,2026-05-01,16:47:47,-07:00,2026-05-01T16:47:47-07:00,1,26
style.css,130,css,e1033d29,Natalie Huynh,2026-05-01,16:47:47,-07:00,2026-05-01T16:47:47-07:00,1,32
style.css,131,css,e1033d29,Natalie Huynh,2026-05-01,16:47:47,-07:00,2026-05-01T16:47:47-07:00,0,0
style.css,132,css,e1033d29,Natalie Huynh,2026-05-01,16:47:47,-07:00,2026-05-01T16:47:47-07:00,0,0
style.css,133,css,e1033d29,Natalie Huynh,2026-05-01,16:47:47,-07:00,2026-05-01T16:47:47-07:00,0,26
style.css,134,css,e1033d29,Natalie Huynh,2026-05-01,16:47:47,-07:00,2026-05-01T16:47:47-07:00,1,12
style.css,135,css,e1033d29,Natalie Huynh,2026-05-01,16:47:47,-07:00,2026-05-01T16:47:47-07:00,0,26
style.css,136,css,e1033d29,Natalie Huynh,2026-05-01,16:47:47,-07:00,2026-05-01T16:47:47-07:00,0,13
style.css,137,css,e1033d29,Natalie Huynh,2026-05-01,16:47:47,-07:00,2026-05-01T16:47:47-07:00,1,10
style.css,138,css,e1033d29,Natalie Huynh,2026-05-01,16:47:47,-07:00,2026-05-01T16:47:47-07:00,1,12
style.css,139,css,e1033d29,Natalie Huynh,2026-05-01,16:47:47,-07:00,2026-05-01T16:47:47-07:00,1,16
style.css,140,css,e1033d29,Natalie Huynh,2026-05-01,16:47:47,-07:00,2026-05-01T16:47:47-07:00,1,17
style.css,141,css,df96f8c9,Natalie Huynh,2026-04-10,00:11:36,-07:00,2026-04-10T00:11:36-07:00,0,0
style.css,142,css,df96f8c9,Natalie Huynh,2026-04-10,00:11:36,-07:00,2026-04-10T00:11:36-07:00,0,0
style.css,143,css,2d11a5a4,Natalie Huynh,2026-04-16,22:17:07,-07:00,2026-04-16T22:17:07-07:00,0,26
style.css,144,css,2d11a5a4,Natalie Huynh,2026-04-16,22:17:07,-07:00,2026-04-16T22:17:07-07:00,1,8
style.css,145,css,2d11a5a4,Natalie Huynh,2026-04-16,22:17:07,-07:00,2026-04-16T22:17:07-07:00,0,26
style.css,146,css,df96f8c9,Natalie Huynh,2026-04-10,00:11:36,-07:00,2026-04-10T00:11:36-07:00,0,2
style.css,147,css,df96f8c9,Natalie Huynh,2026-04-10,00:11:36,-07:00,2026-04-10T00:11:36-07:00,1,14
style.css,148,css,df96f8c9,Natalie Huynh,2026-04-10,00:11:36,-07:00,2026-04-10T00:11:36-07:00,0,0
style.css,149,css,df96f8c9,Natalie Huynh,2026-04-10,00:11:36,-07:00,2026-04-10T00:11:36-07:00,0,0
style.css,150,css,df96f8c9,Natalie Huynh,2026-04-10,00:11:36,-07:00,2026-04-10T00:11:36-07:00,0,22
style.css,151,css,df96f8c9,Natalie Huynh,2026-04-10,00:11:36,-07:00,2026-04-10T00:11:36-07:00,1,15
style.css,152,css,df96f8c9,Natalie Huynh,2026-04-10,00:11:36,-07:00,2026-04-10T00:11:36-07:00,1,17
style.css,153,css,fe9ebedd,Natalie Huynh,2026-04-10,16:52:50,-07:00,2026-04-10T16:52:50-07:00,0,0
style.css,154,css,fe9ebedd,Natalie Huynh,2026-04-10,16:52:50,-07:00,2026-04-10T16:52:50-07:00,0,0
style.css,155,css,e1033d29,Natalie Huynh,2026-05-01,16:47:47,-07:00,2026-05-01T16:47:47-07:00,0,11
style.css,156,css,e1033d29,Natalie Huynh,2026-05-01,16:47:47,-07:00,2026-05-01T16:47:47-07:00,0,12
style.css,157,css,e1033d29,Natalie Huynh,2026-05-01,16:47:47,-07:00,2026-05-01T16:47:47-07:00,1,8
style.css,158,css,e1033d29,Natalie Huynh,2026-05-01,16:47:47,-07:00,2026-05-01T16:47:47-07:00,0,0
style.css,159,css,e1033d29,Natalie Huynh,2026-05-01,16:47:47,-07:00,2026-05-01T16:47:47-07:00,0,0
style.css,160,css,e1033d29,Natalie Huynh,2026-05-01,16:47:47,-07:00,2026-05-01T16:47:47-07:00,0,11
style.css,161,css,e1033d29,Natalie Huynh,2026-05-01,16:47:47,-07:00,2026-05-01T16:47:47-07:00,1,8
style.css,162,css,e1033d29,Natalie Huynh,2026-05-01,16:47:47,-07:00,2026-05-01T16:47:47-07:00,1,15
style.css,163,css,e1033d29,Natalie Huynh,2026-05-01,16:47:47,-07:00,2026-05-01T16:47:47-07:00,0,0
style.css,164,css,e1033d29,Natalie Huynh,2026-05-01,16:47:47,-07:00,2026-05-01T16:47:47-07:00,0,0
style.css,165,css,e1033d29,Natalie Huynh,2026-05-01,16:47:47,-07:00,2026-05-01T16:47:47-07:00,0,26
style.css,166,css,e1033d29,Natalie Huynh,2026-05-01,16:47:47,-07:00,2026-05-01T16:47:47-07:00,1,2
style.css,167,css,e1033d29,Natalie Huynh,2026-05-01,16:47:47,-07:00,2026-05-01T16:47:47-07:00,0,26
style.css,168,css,e1033d29,Natalie Huynh,2026-05-01,16:47:47,-07:00,2026-05-01T16:47:47-07:00,0,5
style.css,169,css,e1033d29,Natalie Huynh,2026-05-01,16:47:47,-07:00,2026-05-01T16:47:47-07:00,1,16
style.css,170,css,e1033d29,Natalie Huynh,2026-05-01,16:47:47,-07:00,2026-05-01T16:47:47-07:00,1,15
style.css,171,css,e1033d29,Natalie Huynh,2026-05-01,16:47:47,-07:00,2026-05-01T16:47:47-07:00,1,11
style.css,172,css,e1033d29,Natalie Huynh,2026-05-01,16:47:47,-07:00,2026-05-01T16:47:47-07:00,1,17
style.css,173,css,e1033d29,Natalie Huynh,2026-05-01,16:47:47,-07:00,2026-05-01T16:47:47-07:00,0,0
style.css,174,css,e1033d29,Natalie Huynh,2026-05-01,16:47:47,-07:00,2026-05-01T16:47:47-07:00,1,10
style.css,175,css,e1033d29,Natalie Huynh,2026-05-01,16:47:47,-07:00,2026-05-01T16:47:47-07:00,1,30
style.css,176,css,e1033d29,Natalie Huynh,2026-05-01,16:47:47,-07:00,2026-05-01T16:47:47-07:00,1,34
style.css,177,css,e1033d29,Natalie Huynh,2026-05-01,16:47:47,-07:00,2026-05-01T16:47:47-07:00,0,0
style.css,178,css,e1033d29,Natalie Huynh,2026-05-01,16:47:47,-07:00,2026-05-01T16:47:47-07:00,0,0
style.css,179,css,2d11a5a4,Natalie Huynh,2026-04-16,22:17:07,-07:00,2026-04-16T22:17:07-07:00,0,26
style.css,180,css,e1033d29,Natalie Huynh,2026-05-01,16:47:47,-07:00,2026-05-01T16:47:47-07:00,1,9
style.css,181,css,2d11a5a4,Natalie Huynh,2026-04-16,22:17:07,-07:00,2026-04-16T22:17:07-07:00,0,26
style.css,182,css,fe9ebedd,Natalie Huynh,2026-04-10,16:52:50,-07:00,2026-04-10T16:52:50-07:00,0,11
style.css,183,css,73b57635,Natalie Huynh,2026-04-16,22:11:37,-07:00,2026-04-16T22:11:37-07:00,1,23
style.css,184,css,fe9ebedd,Natalie Huynh,2026-04-10,16:52:50,-07:00,2026-04-10T16:52:50-07:00,1,11
style.css,185,css,fe9ebedd,Natalie Huynh,2026-04-10,16:52:50,-07:00,2026-04-10T16:52:50-07:00,0,0
style.css,186,css,fe9ebedd,Natalie Huynh,2026-04-10,16:52:50,-07:00,2026-04-10T16:52:50-07:00,0,0
style.css,187,css,fe9ebedd,Natalie Huynh,2026-04-10,16:52:50,-07:00,2026-04-10T16:52:50-07:00,0,12
style.css,188,css,6dff241d,Natalie Huynh,2026-04-16,22:13:21,-07:00,2026-04-16T22:13:21-07:00,1,63
style.css,189,css,fe9ebedd,Natalie Huynh,2026-04-10,16:52:50,-07:00,2026-04-10T16:52:50-07:00,1,14
style.css,190,css,fe9ebedd,Natalie Huynh,2026-04-10,16:52:50,-07:00,2026-04-10T16:52:50-07:00,1,11
style.css,191,css,fe9ebedd,Natalie Huynh,2026-04-10,16:52:50,-07:00,2026-04-10T16:52:50-07:00,1,17
style.css,192,css,fe9ebedd,Natalie Huynh,2026-04-10,16:52:50,-07:00,2026-04-10T16:52:50-07:00,1,18
style.css,193,css,6dff241d,Natalie Huynh,2026-04-16,22:13:21,-07:00,2026-04-16T22:13:21-07:00,1,70
style.css,194,css,fe9ebedd,Natalie Huynh,2026-04-10,16:52:50,-07:00,2026-04-10T16:52:50-07:00,1,15
style.css,195,css,fe9ebedd,Natalie Huynh,2026-04-10,16:52:50,-07:00,2026-04-10T16:52:50-07:00,0,0
style.css,196,css,fe9ebedd,Natalie Huynh,2026-04-10,16:52:50,-07:00,2026-04-10T16:52:50-07:00,0,0
style.css,197,css,8cb89b47,Natalie Huynh,2026-04-24,15:38:22,-07:00,2026-04-24T15:38:22-07:00,0,26
style.css,198,css,e1033d29,Natalie Huynh,2026-05-01,16:47:47,-07:00,2026-05-01T16:47:47-07:00,1,10
style.css,199,css,e1033d29,Natalie Huynh,2026-05-01,16:47:47,-07:00,2026-05-01T16:47:47-07:00,0,26
style.css,200,css,8cb89b47,Natalie Huynh,2026-04-24,15:38:22,-07:00,2026-04-24T15:38:22-07:00,0,17
style.css,201,css,8cb89b47,Natalie Huynh,2026-04-24,15:38:22,-07:00,2026-04-24T15:38:22-07:00,1,12
style.css,202,css,8cb89b47,Natalie Huynh,2026-04-24,15:38:22,-07:00,2026-04-24T15:38:22-07:00,1,36
style.css,203,css,8cb89b47,Natalie Huynh,2026-04-24,15:38:22,-07:00,2026-04-24T15:38:22-07:00,1,8
style.css,204,css,8cb89b47,Natalie Huynh,2026-04-24,15:38:22,-07:00,2026-04-24T15:38:22-07:00,1,17
style.css,205,css,8cb89b47,Natalie Huynh,2026-04-24,15:38:22,-07:00,2026-04-24T15:38:22-07:00,1,12
style.css,206,css,8cb89b47,Natalie Huynh,2026-04-24,15:38:22,-07:00,2026-04-24T15:38:22-07:00,1,17
style.css,207,css,8cb89b47,Natalie Huynh,2026-04-24,15:38:22,-07:00,2026-04-24T15:38:22-07:00,0,0
style.css,208,css,8cb89b47,Natalie Huynh,2026-04-24,15:38:22,-07:00,2026-04-24T15:38:22-07:00,0,0
style.css,209,css,8cb89b47,Natalie Huynh,2026-04-24,15:38:22,-07:00,2026-04-24T15:38:22-07:00,0,17
style.css,210,css,8cb89b47,Natalie Huynh,2026-04-24,15:38:22,-07:00,2026-04-24T15:38:22-07:00,1,10
style.css,211,css,8cb89b47,Natalie Huynh,2026-04-24,15:38:22,-07:00,2026-04-24T15:38:22-07:00,1,15
style.css,212,css,8cb89b47,Natalie Huynh,2026-04-24,15:38:22,-07:00,2026-04-24T15:38:22-07:00,0,0
style.css,213,css,8cb89b47,Natalie Huynh,2026-04-24,15:38:22,-07:00,2026-04-24T15:38:22-07:00,0,0
style.css,214,css,8cb89b47,Natalie Huynh,2026-04-24,15:38:22,-07:00,2026-04-24T15:38:22-07:00,0,17
style.css,215,css,8cb89b47,Natalie Huynh,2026-04-24,15:38:22,-07:00,2026-04-24T15:38:22-07:00,1,10
style.css,216,css,8cb89b47,Natalie Huynh,2026-04-24,15:38:22,-07:00,2026-04-24T15:38:22-07:00,1,8
style.css,217,css,8cb89b47,Natalie Huynh,2026-04-24,15:38:22,-07:00,2026-04-24T15:38:22-07:00,1,16
style.css,218,css,ffc8e9ca,Natalie Huynh,2026-04-24,15:51:10,-07:00,2026-04-24T15:51:10-07:00,0,0
style.css,219,css,4d69288d,Natalie Huynh,2026-04-24,15:54:07,-07:00,2026-04-24T15:54:07-07:00,0,0
style.css,220,css,c03efba8,Natalie Huynh,2026-04-24,16:08:36,-07:00,2026-04-24T16:08:36-07:00,0,26
style.css,221,css,e1033d29,Natalie Huynh,2026-05-01,16:47:47,-07:00,2026-05-01T16:47:47-07:00,1,7
style.css,222,css,c03efba8,Natalie Huynh,2026-04-24,16:08:36,-07:00,2026-04-24T16:08:36-07:00,0,26
style.css,223,css,e1033d29,Natalie Huynh,2026-05-01,16:47:47,-07:00,2026-05-01T16:47:47-07:00,0,18
style.css,224,css,e1033d29,Natalie Huynh,2026-05-01,16:47:47,-07:00,2026-05-01T16:47:47-07:00,1,14
style.css,225,css,e1033d29,Natalie Huynh,2026-05-01,16:47:47,-07:00,2026-05-01T16:47:47-07:00,1,16
style.css,226,css,e1033d29,Natalie Huynh,2026-05-01,16:47:47,-07:00,2026-05-01T16:47:47-07:00,1,16
style.css,227,css,c03efba8,Natalie Huynh,2026-04-24,16:08:36,-07:00,2026-04-24T16:08:36-07:00,0,0
style.css,228,css,c03efba8,Natalie Huynh,2026-04-24,16:08:36,-07:00,2026-04-24T16:08:36-07:00,0,0
style.css,229,css,c03efba8,Natalie Huynh,2026-04-24,16:08:36,-07:00,2026-04-24T16:08:36-07:00,0,26
style.css,230,css,e1033d29,Natalie Huynh,2026-05-01,16:47:47,-07:00,2026-05-01T16:47:47-07:00,1,30
style.css,231,css,c03efba8,Natalie Huynh,2026-04-24,16:08:36,-07:00,2026-04-24T16:08:36-07:00,0,26
style.css,232,css,e1033d29,Natalie Huynh,2026-05-01,16:47:47,-07:00,2026-05-01T16:47:47-07:00,0,10
style.css,233,css,ffc8e9ca,Natalie Huynh,2026-04-24,15:51:10,-07:00,2026-04-24T15:51:10-07:00,1,12
style.css,234,css,e1033d29,Natalie Huynh,2026-05-01,16:47:47,-07:00,2026-05-01T16:47:47-07:00,1,18
style.css,235,css,e1033d29,Natalie Huynh,2026-05-01,16:47:47,-07:00,2026-05-01T16:47:47-07:00,1,8
style.css,236,css,e1033d29,Natalie Huynh,2026-05-01,16:47:47,-07:00,2026-05-01T16:47:47-07:00,1,19
style.css,237,css,ffc8e9ca,Natalie Huynh,2026-04-24,15:51:10,-07:00,2026-04-24T15:51:10-07:00,0,0
style.css,238,css,ffc8e9ca,Natalie Huynh,2026-04-24,15:51:10,-07:00,2026-04-24T15:51:10-07:00,0,0
style.css,239,css,c03efba8,Natalie Huynh,2026-04-24,16:08:36,-07:00,2026-04-24T16:08:36-07:00,0,26
style.css,240,css,e1033d29,Natalie Huynh,2026-05-01,16:47:47,-07:00,2026-05-01T16:47:47-07:00,1,4
style.css,241,css,c03efba8,Natalie Huynh,2026-04-24,16:08:36,-07:00,2026-04-24T16:08:36-07:00,0,26
style.css,242,css,e1033d29,Natalie Huynh,2026-05-01,16:47:47,-07:00,2026-05-01T16:47:47-07:00,0,7
style.css,243,css,e1033d29,Natalie Huynh,2026-05-01,16:47:47,-07:00,2026-05-01T16:47:47-07:00,1,6
style.css,244,css,c03efba8,Natalie Huynh,2026-04-24,16:08:36,-07:00,2026-04-24T16:08:36-07:00,0,0
style.css,245,css,e1033d29,Natalie Huynh,2026-05-01,16:47:47,-07:00,2026-05-01T16:47:47-07:00,1,12
style.css,246,css,e1033d29,Natalie Huynh,2026-05-01,16:47:47,-07:00,2026-05-01T16:47:47-07:00,1,57
style.css,247,css,e1033d29,Natalie Huynh,2026-05-01,16:47:47,-07:00,2026-05-01T16:47:47-07:00,1,7
style.css,248,css,4d69288d,Natalie Huynh,2026-04-24,15:54:07,-07:00,2026-04-24T15:54:07-07:00,0,0
style.css,249,css,e1033d29,Natalie Huynh,2026-05-01,16:47:47,-07:00,2026-05-01T16:47:47-07:00,1,14
style.css,250,css,e1033d29,Natalie Huynh,2026-05-01,16:47:47,-07:00,2026-05-01T16:47:47-07:00,1,11
style.css,251,css,c03efba8,Natalie Huynh,2026-04-24,16:08:36,-07:00,2026-04-24T16:08:36-07:00,0,0
style.css,252,css,e1033d29,Natalie Huynh,2026-05-01,16:47:47,-07:00,2026-05-01T16:47:47-07:00,1,65
style.css,253,css,e1033d29,Natalie Huynh,2026-05-01,16:47:47,-07:00,2026-05-01T16:47:47-07:00,1,17
style.css,254,css,c03efba8,Natalie Huynh,2026-04-24,16:08:36,-07:00,2026-04-24T16:08:36-07:00,0,0
style.css,255,css,c03efba8,Natalie Huynh,2026-04-24,16:08:36,-07:00,2026-04-24T16:08:36-07:00,0,0
style.css,256,css,e1033d29,Natalie Huynh,2026-05-01,16:47:47,-07:00,2026-05-01T16:47:47-07:00,0,10
style.css,257,css,e1033d29,Natalie Huynh,2026-05-01,16:47:47,-07:00,2026-05-01T16:47:47-07:00,1,12
style.css,258,css,e1033d29,Natalie Huynh,2026-05-01,16:47:47,-07:00,2026-05-01T16:47:47-07:00,1,18
style.css,259,css,e1033d29,Natalie Huynh,2026-05-01,16:47:47,-07:00,2026-05-01T16:47:47-07:00,1,9
style.css,260,css,c03efba8,Natalie Huynh,2026-04-24,16:08:36,-07:00,2026-04-24T16:08:36-07:00,0,0
style.css,261,css,c03efba8,Natalie Huynh,2026-04-24,16:08:36,-07:00,2026-04-24T16:08:36-07:00,0,0
style.css,262,css,e1033d29,Natalie Huynh,2026-05-01,16:47:47,-07:00,2026-05-01T16:47:47-07:00,0,7
style.css,263,css,e1033d29,Natalie Huynh,2026-05-01,16:47:47,-07:00,2026-05-01T16:47:47-07:00,1,9
style.css,264,css,e1033d29,Natalie Huynh,2026-05-01,16:47:47,-07:00,2026-05-01T16:47:47-07:00,1,10
style.css,265,css,e1033d29,Natalie Huynh,2026-05-01,16:47:47,-07:00,2026-05-01T16:47:47-07:00,1,23
style.css,266,css,e1033d29,Natalie Huynh,2026-05-01,16:47:47,-07:00,2026-05-01T16:47:47-07:00,1,20
style.css,267,css,e1033d29,Natalie Huynh,2026-05-01,16:47:47,-07:00,2026-05-01T16:47:47-07:00,1,17
style.css,268,css,e1033d29,Natalie Huynh,2026-05-01,16:47:47,-07:00,2026-05-01T16:47:47-07:00,0,0
style.css,269,css,e1033d29,Natalie Huynh,2026-05-01,16:47:47,-07:00,2026-05-01T16:47:47-07:00,0,4
style.css,270,css,e1033d29,Natalie Huynh,2026-05-01,16:47:47,-07:00,2026-05-01T16:47:47-07:00,1,16
style.css,271,css,e1033d29,Natalie Huynh,2026-05-01,16:47:47,-07:00,2026-05-01T16:47:47-07:00,1,14
style.css,272,css,c03efba8,Natalie Huynh,2026-04-24,16:08:36,-07:00,2026-04-24T16:08:36-07:00,0,0
style.css,273,css,c03efba8,Natalie Huynh,2026-04-24,16:08:36,-07:00,2026-04-24T16:08:36-07:00,0,0
style.css,274,css,e1033d29,Natalie Huynh,2026-05-01,16:47:47,-07:00,2026-05-01T16:47:47-07:00,0,36
style.css,275,css,e1033d29,Natalie Huynh,2026-05-01,16:47:47,-07:00,2026-05-01T16:47:47-07:00,1,11
style.css,276,css,e1033d29,Natalie Huynh,2026-05-01,16:47:47,-07:00,2026-05-01T16:47:47-07:00,0,0
style.css,277,css,c03efba8,Natalie Huynh,2026-04-24,16:08:36,-07:00,2026-04-24T16:08:36-07:00,0,0
style.css,278,css,e1033d29,Natalie Huynh,2026-05-01,16:47:47,-07:00,2026-05-01T16:47:47-07:00,0,9
style.css,279,css,e1033d29,Natalie Huynh,2026-05-01,16:47:47,-07:00,2026-05-01T16:47:47-07:00,1,35
style.css,280,css,e1033d29,Natalie Huynh,2026-05-01,16:47:47,-07:00,2026-05-01T16:47:47-07:00,0,0
style.css,281,css,e1033d29,Natalie Huynh,2026-05-01,16:47:47,-07:00,2026-05-01T16:47:47-07:00,0,0
style.css,282,css,e1033d29,Natalie Huynh,2026-05-01,16:47:47,-07:00,2026-05-01T16:47:47-07:00,0,18
style.css,283,css,e1033d29,Natalie Huynh,2026-05-01,16:47:47,-07:00,2026-05-01T16:47:47-07:00,1,17
style.css,284,css,d0d94a60,Natalie Huynh,2026-03-30,23:13:51,-07:00,2026-03-30T23:13:51-07:00,0,0
index.js,1,js,d1d2be5d,Natalie Huynh,2026-04-24,15:32:47,-07:00,2026-04-24T15:32:47-07:00,0,71
index.js,2,js,d1d2be5d,Natalie Huynh,2026-04-24,15:32:47,-07:00,2026-04-24T15:32:47-07:00,0,0
index.js,3,js,d1d2be5d,Natalie Huynh,2026-04-24,15:32:47,-07:00,2026-04-24T15:32:47-07:00,0,14
index.js,4,js,4c79c8ae,Natalie Huynh,2026-04-24,14:46:49,-07:00,2026-04-24T14:46:49-07:00,0,54
index.js,5,js,4c79c8ae,Natalie Huynh,2026-04-24,14:46:49,-07:00,2026-04-24T14:46:49-07:00,0,42
index.js,6,js,d1d2be5d,Natalie Huynh,2026-04-24,15:32:47,-07:00,2026-04-24T15:32:47-07:00,0,0
index.js,7,js,d1d2be5d,Natalie Huynh,2026-04-24,15:32:47,-07:00,2026-04-24T15:32:47-07:00,0,16
index.js,8,js,4c79c8ae,Natalie Huynh,2026-04-24,14:46:49,-07:00,2026-04-24T14:46:49-07:00,0,60
index.js,9,js,4c79c8ae,Natalie Huynh,2026-04-24,14:46:49,-07:00,2026-04-24T14:46:49-07:00,0,54
index.js,10,js,d1d2be5d,Natalie Huynh,2026-04-24,15:32:47,-07:00,2026-04-24T15:32:47-07:00,0,0
index.js,11,js,d1d2be5d,Natalie Huynh,2026-04-24,15:32:47,-07:00,2026-04-24T15:32:47-07:00,0,12
index.js,12,js,d1d2be5d,Natalie Huynh,2026-04-24,15:32:47,-07:00,2026-04-24T15:32:47-07:00,0,56
index.js,13,js,d1d2be5d,Natalie Huynh,2026-04-24,15:32:47,-07:00,2026-04-24T15:32:47-07:00,0,0
index.js,14,js,d1d2be5d,Natalie Huynh,2026-04-24,15:32:47,-07:00,2026-04-24T15:32:47-07:00,0,20
index.js,15,js,d1d2be5d,Natalie Huynh,2026-04-24,15:32:47,-07:00,2026-04-24T15:32:47-07:00,0,60
index.js,16,js,d1d2be5d,Natalie Huynh,2026-04-24,15:32:47,-07:00,2026-04-24T15:32:47-07:00,0,0
index.js,17,js,d1d2be5d,Natalie Huynh,2026-04-24,15:32:47,-07:00,2026-04-24T15:32:47-07:00,0,17
index.js,18,js,d1d2be5d,Natalie Huynh,2026-04-24,15:32:47,-07:00,2026-04-24T15:32:47-07:00,1,24
index.js,19,js,d1d2be5d,Natalie Huynh,2026-04-24,15:32:47,-07:00,2026-04-24T15:32:47-07:00,2,2
index.js,20,js,d1d2be5d,Natalie Huynh,2026-04-24,15:32:47,-07:00,2026-04-24T15:32:47-07:00,3,55
index.js,21,js,d1d2be5d,Natalie Huynh,2026-04-24,15:32:47,-07:00,2026-04-24T15:32:47-07:00,3,55
index.js,22,js,d1d2be5d,Natalie Huynh,2026-04-24,15:32:47,-07:00,2026-04-24T15:32:47-07:00,3,49
index.js,23,js,d1d2be5d,Natalie Huynh,2026-04-24,15:32:47,-07:00,2026-04-24T15:32:47-07:00,3,49
index.js,24,js,d1d2be5d,Natalie Huynh,2026-04-24,15:32:47,-07:00,2026-04-24T15:32:47-07:00,2,3
index.js,25,js,d1d2be5d,Natalie Huynh,2026-04-24,15:32:47,-07:00,2026-04-24T15:32:47-07:00,1,0
index.js,26,js,d1d2be5d,Natalie Huynh,2026-04-24,15:32:47,-07:00,2026-04-24T15:32:47-07:00,0,0
index.html,1,html,a48ccf40,Natalie Huynh,2026-03-30,21:56:02,-07:00,2026-03-30T21:56:02-07:00,0,13
index.html,2,html,a48ccf40,Natalie Huynh,2026-03-30,21:56:02,-07:00,2026-03-30T21:56:02-07:00,0,14
index.html,3,html,a48ccf40,Natalie Huynh,2026-03-30,21:56:02,-07:00,2026-03-30T21:56:02-07:00,0,4
index.html,4,html,2c069bf0,Natalie Huynh,2026-04-02,13:23:21,-07:00,2026-04-02T13:23:21-07:00,1,20
index.html,5,html,2c069bf0,Natalie Huynh,2026-04-02,13:23:21,-07:00,2026-04-02T13:23:21-07:00,1,68
index.html,6,html,2c069bf0,Natalie Huynh,2026-04-02,13:23:21,-07:00,2026-04-02T13:23:21-07:00,1,55
index.html,7,html,c1c507aa,Natalie Huynh,2026-04-09,23:52:40,-07:00,2026-04-09T23:52:40-07:00,1,38
index.html,8,html,4c79c8ae,Natalie Huynh,2026-04-24,14:46:49,-07:00,2026-04-24T14:46:49-07:00,0,0
index.html,9,html,4c79c8ae,Natalie Huynh,2026-04-24,14:46:49,-07:00,2026-04-24T14:46:49-07:00,1,9
index.html,10,html,c1c33477,Natalie Huynh,2026-04-16,20:45:57,-07:00,2026-04-16T20:45:57-07:00,1,45
index.html,11,html,4c79c8ae,Natalie Huynh,2026-04-24,14:46:49,-07:00,2026-04-24T14:46:49-07:00,1,44
index.html,12,html,a48ccf40,Natalie Huynh,2026-03-30,21:56:02,-07:00,2026-03-30T21:56:02-07:00,0,5
index.html,13,html,4c79c8ae,Natalie Huynh,2026-04-24,14:46:49,-07:00,2026-04-24T14:46:49-07:00,0,0
index.html,14,html,a48ccf40,Natalie Huynh,2026-03-30,21:56:02,-07:00,2026-03-30T21:56:02-07:00,0,4
index.html,15,html,2c069bf0,Natalie Huynh,2026-04-02,13:23:21,-07:00,2026-04-02T13:23:21-07:00,1,20
index.html,16,html,4c79c8ae,Natalie Huynh,2026-04-24,14:46:49,-07:00,2026-04-24T14:46:49-07:00,0,0
index.html,17,html,2c069bf0,Natalie Huynh,2026-04-02,13:23:21,-07:00,2026-04-02T13:23:21-07:00,1,62
index.html,18,html,4c79c8ae,Natalie Huynh,2026-04-24,14:46:49,-07:00,2026-04-24T14:46:49-07:00,0,0
index.html,19,html,2c069bf0,Natalie Huynh,2026-04-02,13:23:21,-07:00,2026-04-02T13:23:21-07:00,1,87
index.html,20,html,db6de68f,Natalie Huynh,2026-04-02,13:06:57,-07:00,2026-04-02T13:06:57-07:00,0,0
index.html,21,html,4c79c8ae,Natalie Huynh,2026-04-24,14:46:49,-07:00,2026-04-24T14:46:49-07:00,1,22
index.html,22,html,4c79c8ae,Natalie Huynh,2026-04-24,14:46:49,-07:00,2026-04-24T14:46:49-07:00,0,0
index.html,23,html,4c79c8ae,Natalie Huynh,2026-04-24,14:46:49,-07:00,2026-04-24T14:46:49-07:00,1,20
index.html,24,html,4c79c8ae,Natalie Huynh,2026-04-24,14:46:49,-07:00,2026-04-24T14:46:49-07:00,2,49
index.html,25,html,4c79c8ae,Natalie Huynh,2026-04-24,14:46:49,-07:00,2026-04-24T14:46:49-07:00,1,4
index.html,26,html,4c79c8ae,Natalie Huynh,2026-04-24,14:46:49,-07:00,2026-04-24T14:46:49-07:00,0,0
index.html,27,html,7e44bfe6,Natalie Huynh,2026-04-24,15:37:16,-07:00,2026-04-24T15:37:16-07:00,1,19
index.html,28,html,7e44bfe6,Natalie Huynh,2026-04-24,15:37:16,-07:00,2026-04-24T15:37:16-07:00,1,28
index.html,29,html,7e44bfe6,Natalie Huynh,2026-04-24,15:37:16,-07:00,2026-04-24T15:37:16-07:00,0,0
index.html,30,html,a48ccf40,Natalie Huynh,2026-03-30,21:56:02,-07:00,2026-03-30T21:56:02-07:00,0,5
index.html,31,html,a48ccf40,Natalie Huynh,2026-03-30,21:56:02,-07:00,2026-03-30T21:56:02-07:00,0,5
global.js,1,js,74493839,Natalie Huynh,2026-04-24,15:50:12,-07:00,2026-04-24T15:50:12-07:00,0,25
global.js,2,js,74493839,Natalie Huynh,2026-04-24,15:50:12,-07:00,2026-04-24T15:50:12-07:00,0,0
global.js,3,js,74493839,Natalie Huynh,2026-04-24,15:50:12,-07:00,2026-04-24T15:50:12-07:00,0,33
global.js,4,js,74493839,Natalie Huynh,2026-04-24,15:50:12,-07:00,2026-04-24T15:50:12-07:00,0,41
global.js,5,js,74493839,Natalie Huynh,2026-04-24,15:50:12,-07:00,2026-04-24T15:50:12-07:00,1,52
global.js,6,js,74493839,Natalie Huynh,2026-04-24,15:50:12,-07:00,2026-04-24T15:50:12-07:00,0,0
global.js,7,js,74493839,Natalie Huynh,2026-04-24,15:50:12,-07:00,2026-04-24T15:50:12-07:00,0,0
global.js,8,js,74493839,Natalie Huynh,2026-04-24,15:50:12,-07:00,2026-04-24T15:50:12-07:00,0,21
global.js,9,js,74493839,Natalie Huynh,2026-04-24,15:50:12,-07:00,2026-04-24T15:50:12-07:00,0,11
global.js,10,js,74493839,Natalie Huynh,2026-04-24,15:50:12,-07:00,2026-04-24T15:50:12-07:00,1,25
global.js,11,js,74493839,Natalie Huynh,2026-04-24,15:50:12,-07:00,2026-04-24T15:50:12-07:00,1,38
global.js,12,js,74493839,Natalie Huynh,2026-04-24,15:50:12,-07:00,2026-04-24T15:50:12-07:00,1,36
global.js,13,js,74493839,Natalie Huynh,2026-04-24,15:50:12,-07:00,2026-04-24T15:50:12-07:00,1,34
global.js,14,js,74493839,Natalie Huynh,2026-04-24,15:50:12,-07:00,2026-04-24T15:50:12-07:00,1,59
global.js,15,js,74493839,Natalie Huynh,2026-04-24,15:50:12,-07:00,2026-04-24T15:50:12-07:00,0,0
global.js,16,js,74493839,Natalie Huynh,2026-04-24,15:50:12,-07:00,2026-04-24T15:50:12-07:00,0,0
global.js,17,js,74493839,Natalie Huynh,2026-04-24,15:50:12,-07:00,2026-04-24T15:50:12-07:00,0,36
global.js,18,js,74493839,Natalie Huynh,2026-04-24,15:50:12,-07:00,2026-04-24T15:50:12-07:00,0,15
global.js,19,js,74493839,Natalie Huynh,2026-04-24,15:50:12,-07:00,2026-04-24T15:50:12-07:00,1,34
global.js,20,js,74493839,Natalie Huynh,2026-04-24,15:50:12,-07:00,2026-04-24T15:50:12-07:00,1,31
global.js,21,js,74493839,Natalie Huynh,2026-04-24,15:50:12,-07:00,2026-04-24T15:50:12-07:00,2,3
global.js,22,js,74493839,Natalie Huynh,2026-04-24,15:50:12,-07:00,2026-04-24T15:50:12-07:00,2,14
global.js,23,js,74493839,Natalie Huynh,2026-04-24,15:50:12,-07:00,2026-04-24T15:50:12-07:00,0,0
global.js,24,js,74493839,Natalie Huynh,2026-04-24,15:50:12,-07:00,2026-04-24T15:50:12-07:00,0,36
global.js,25,js,74493839,Natalie Huynh,2026-04-24,15:50:12,-07:00,2026-04-24T15:50:12-07:00,0,0
global.js,26,js,74493839,Natalie Huynh,2026-04-24,15:50:12,-07:00,2026-04-24T15:50:12-07:00,0,3
global.js,27,js,74493839,Natalie Huynh,2026-04-24,15:50:12,-07:00,2026-04-24T15:50:12-07:00,0,31
global.js,28,js,74493839,Natalie Huynh,2026-04-24,15:50:12,-07:00,2026-04-24T15:50:12-07:00,1,11
global.js,29,js,74493839,Natalie Huynh,2026-04-24,15:50:12,-07:00,2026-04-24T15:50:12-07:00,1,0
global.js,30,js,74493839,Natalie Huynh,2026-04-24,15:50:12,-07:00,2026-04-24T15:50:12-07:00,1,26
global.js,31,js,74493839,Natalie Huynh,2026-04-24,15:50:12,-07:00,2026-04-24T15:50:12-07:00,2,4
global.js,32,js,74493839,Natalie Huynh,2026-04-24,15:50:12,-07:00,2026-04-24T15:50:12-07:00,2,6
global.js,33,js,74493839,Natalie Huynh,2026-04-24,15:50:12,-07:00,2026-04-24T15:50:12-07:00,3,37
global.js,34,js,74493839,Natalie Huynh,2026-04-24,15:50:12,-07:00,2026-04-24T15:50:12-07:00,3,34
global.js,35,js,74493839,Natalie Huynh,2026-04-24,15:50:12,-07:00,2026-04-24T15:50:12-07:00,3,32
global.js,36,js,74493839,Natalie Huynh,2026-04-24,15:50:12,-07:00,2026-04-24T15:50:12-07:00,2,7
global.js,37,js,74493839,Natalie Huynh,2026-04-24,15:50:12,-07:00,2026-04-24T15:50:12-07:00,1,6
global.js,38,js,74493839,Natalie Huynh,2026-04-24,15:50:12,-07:00,2026-04-24T15:50:12-07:00,1,0
global.js,39,js,74493839,Natalie Huynh,2026-04-24,15:50:12,-07:00,2026-04-24T15:50:12-07:00,0,0
global.js,40,js,74493839,Natalie Huynh,2026-04-24,15:50:12,-07:00,2026-04-24T15:50:12-07:00,0,0
global.js,41,js,74493839,Natalie Huynh,2026-04-24,15:50:12,-07:00,2026-04-24T15:50:12-07:00,0,19
global.js,42,js,74493839,Natalie Huynh,2026-04-24,15:50:12,-07:00,2026-04-24T15:50:12-07:00,0,60
global.js,43,js,74493839,Natalie Huynh,2026-04-24,15:50:12,-07:00,2026-04-24T15:50:12-07:00,0,0
global.js,44,js,74493839,Natalie Huynh,2026-04-24,15:50:12,-07:00,2026-04-24T15:50:12-07:00,0,18
global.js,45,js,74493839,Natalie Huynh,2026-04-24,15:50:12,-07:00,2026-04-24T15:50:12-07:00,0,29
global.js,46,js,74493839,Natalie Huynh,2026-04-24,15:50:12,-07:00,2026-04-24T15:50:12-07:00,1,20
global.js,47,js,74493839,Natalie Huynh,2026-04-24,15:50:12,-07:00,2026-04-24T15:50:12-07:00,2,60
global.js,48,js,74493839,Natalie Huynh,2026-04-24,15:50:12,-07:00,2026-04-24T15:50:12-07:00,1,6
global.js,49,js,74493839,Natalie Huynh,2026-04-24,15:50:12,-07:00,2026-04-24T15:50:12-07:00,2,63
global.js,50,js,74493839,Natalie Huynh,2026-04-24,15:50:12,-07:00,2026-04-24T15:50:12-07:00,1,0
global.js,51,js,74493839,Natalie Huynh,2026-04-24,15:50:12,-07:00,2026-04-24T15:50:12-07:00,0,0
global.js,52,js,74493839,Natalie Huynh,2026-04-24,15:50:12,-07:00,2026-04-24T15:50:12-07:00,1,18
global.js,53,js,74493839,Natalie Huynh,2026-04-24,15:50:12,-07:00,2026-04-24T15:50:12-07:00,0,0
global.js,54,js,74493839,Natalie Huynh,2026-04-24,15:50:12,-07:00,2026-04-24T15:50:12-07:00,0,0
global.js,55,js,74493839,Natalie Huynh,2026-04-24,15:50:12,-07:00,2026-04-24T15:50:12-07:00,0,19
global.js,56,js,74493839,Natalie Huynh,2026-04-24,15:50:12,-07:00,2026-04-24T15:50:12-07:00,0,43
global.js,57,js,74493839,Natalie Huynh,2026-04-24,15:50:12,-07:00,2026-04-24T15:50:12-07:00,1,30
global.js,58,js,74493839,Natalie Huynh,2026-04-24,15:50:12,-07:00,2026-04-24T15:50:12-07:00,1,19
global.js,59,js,74493839,Natalie Huynh,2026-04-24,15:50:12,-07:00,2026-04-24T15:50:12-07:00,1,30
global.js,60,js,74493839,Natalie Huynh,2026-04-24,15:50:12,-07:00,2026-04-24T15:50:12-07:00,0,1
global.js,61,js,74493839,Natalie Huynh,2026-04-24,15:50:12,-07:00,2026-04-24T15:50:12-07:00,0,0
global.js,62,js,74493839,Natalie Huynh,2026-04-24,15:50:12,-07:00,2026-04-24T15:50:12-07:00,0,22
global.js,63,js,74493839,Natalie Huynh,2026-04-24,15:50:12,-07:00,2026-04-24T15:50:12-07:00,0,34
global.js,64,js,74493839,Natalie Huynh,2026-04-24,15:50:12,-07:00,2026-04-24T15:50:12-07:00,1,39
global.js,65,js,74493839,Natalie Huynh,2026-04-24,15:50:12,-07:00,2026-04-24T15:50:12-07:00,0,6
global.js,66,js,74493839,Natalie Huynh,2026-04-24,15:50:12,-07:00,2026-04-24T15:50:12-07:00,1,21
global.js,67,js,74493839,Natalie Huynh,2026-04-24,15:50:12,-07:00,2026-04-24T15:50:12-07:00,0,0
global.js,68,js,74493839,Natalie Huynh,2026-04-24,15:50:12,-07:00,2026-04-24T15:50:12-07:00,0,0
global.js,69,js,74493839,Natalie Huynh,2026-04-24,15:50:12,-07:00,2026-04-24T15:50:12-07:00,0,17
global.js,70,js,74493839,Natalie Huynh,2026-04-24,15:50:12,-07:00,2026-04-24T15:50:12-07:00,0,0
global.js,71,js,74493839,Natalie Huynh,2026-04-24,15:50:12,-07:00,2026-04-24T15:50:12-07:00,0,32
global.js,72,js,74493839,Natalie Huynh,2026-04-24,15:50:12,-07:00,2026-04-24T15:50:12-07:00,0,38
global.js,73,js,74493839,Natalie Huynh,2026-04-24,15:50:12,-07:00,2026-04-24T15:50:12-07:00,0,25
global.js,74,js,74493839,Natalie Huynh,2026-04-24,15:50:12,-07:00,2026-04-24T15:50:12-07:00,0,0
global.js,75,js,74493839,Natalie Huynh,2026-04-24,15:50:12,-07:00,2026-04-24T15:50:12-07:00,0,17
global.js,76,js,74493839,Natalie Huynh,2026-04-24,15:50:12,-07:00,2026-04-24T15:50:12-07:00,0,20
global.js,77,js,74493839,Natalie Huynh,2026-04-24,15:50:12,-07:00,2026-04-24T15:50:12-07:00,1,14
global.js,78,js,74493839,Natalie Huynh,2026-04-24,15:50:12,-07:00,2026-04-24T15:50:12-07:00,0,0
global.js,79,js,74493839,Natalie Huynh,2026-04-24,15:50:12,-07:00,2026-04-24T15:50:12-07:00,0,0
global.js,80,js,74493839,Natalie Huynh,2026-04-24,15:50:12,-07:00,2026-04-24T15:50:12-07:00,1,52
global.js,81,js,74493839,Natalie Huynh,2026-04-24,15:50:12,-07:00,2026-04-24T15:50:12-07:00,0,0
global.js,82,js,74493839,Natalie Huynh,2026-04-24,15:50:12,-07:00,2026-04-24T15:50:12-07:00,1,12
global.js,83,js,74493839,Natalie Huynh,2026-04-24,15:50:12,-07:00,2026-04-24T15:50:12-07:00,1,34
global.js,84,js,74493839,Natalie Huynh,2026-04-24,15:50:12,-07:00,2026-04-24T15:50:12-07:00,1,11
global.js,85,js,74493839,Natalie Huynh,2026-04-24,15:50:12,-07:00,2026-04-24T15:50:12-07:00,1,22
global.js,86,js,74493839,Natalie Huynh,2026-04-24,15:50:12,-07:00,2026-04-24T15:50:12-07:00,0,0
global.js,87,js,74493839,Natalie Huynh,2026-04-24,15:50:12,-07:00,2026-04-24T15:50:12-07:00,1,23
global.js,88,js,74493839,Natalie Huynh,2026-04-24,15:50:12,-07:00,2026-04-24T15:50:12-07:00,1,17
global.js,89,js,74493839,Natalie Huynh,2026-04-24,15:50:12,-07:00,2026-04-24T15:50:12-07:00,2,8
global.js,90,js,74493839,Natalie Huynh,2026-04-24,15:50:12,-07:00,2026-04-24T15:50:12-07:00,2,58
global.js,91,js,74493839,Natalie Huynh,2026-04-24,15:50:12,-07:00,2026-04-24T15:50:12-07:00,1,0
global.js,92,js,74493839,Natalie Huynh,2026-04-24,15:50:12,-07:00,2026-04-24T15:50:12-07:00,0,0
global.js,93,js,74493839,Natalie Huynh,2026-04-24,15:50:12,-07:00,2026-04-24T15:50:12-07:00,1,31
global.js,94,js,74493839,Natalie Huynh,2026-04-24,15:50:12,-07:00,2026-04-24T15:50:12-07:00,1,52
global.js,95,js,74493839,Natalie Huynh,2026-04-24,15:50:12,-07:00,2026-04-24T15:50:12-07:00,0,0
global.js,96,js,74493839,Natalie Huynh,2026-04-24,15:50:12,-07:00,2026-04-24T15:50:12-07:00,1,11
global.js,97,js,74493839,Natalie Huynh,2026-04-24,15:50:12,-07:00,2026-04-24T15:50:12-07:00,1,17
global.js,98,js,74493839,Natalie Huynh,2026-04-24,15:50:12,-07:00,2026-04-24T15:50:12-07:00,0,0
global.js,99,js,74493839,Natalie Huynh,2026-04-24,15:50:12,-07:00,2026-04-24T15:50:12-07:00,0,0
global.js,100,js,74493839,Natalie Huynh,2026-04-24,15:50:12,-07:00,2026-04-24T15:50:12-07:00,0,39
global.js,101,js,74493839,Natalie Huynh,2026-04-24,15:50:12,-07:00,2026-04-24T15:50:12-07:00,0,42
global.js,102,js,74493839,Natalie Huynh,2026-04-24,15:50:12,-07:00,2026-04-24T15:50:12-07:00,0,0
global.js,103,js,74493839,Natalie Huynh,2026-04-24,15:50:12,-07:00,2026-04-24T15:50:12-07:00,0,43
global.js,104,js,74493839,Natalie Huynh,2026-04-24,15:50:12,-07:00,2026-04-24T15:50:12-07:00,1,53
global.js,105,js,74493839,Natalie Huynh,2026-04-24,15:50:12,-07:00,2026-04-24T15:50:12-07:00,0,0
global.js,106,js,74493839,Natalie Huynh,2026-04-24,15:50:12,-07:00,2026-04-24T15:50:12-07:00,1,30
global.js,107,js,74493839,Natalie Huynh,2026-04-24,15:50:12,-07:00,2026-04-24T15:50:12-07:00,0,0
global.js,108,js,74493839,Natalie Huynh,2026-04-24,15:50:12,-07:00,2026-04-24T15:50:12-07:00,1,14
global.js,109,js,74493839,Natalie Huynh,2026-04-24,15:50:12,-07:00,2026-04-24T15:50:12-07:00,0,0
global.js,110,js,74493839,Natalie Huynh,2026-04-24,15:50:12,-07:00,2026-04-24T15:50:12-07:00,1,31
global.js,111,js,74493839,Natalie Huynh,2026-04-24,15:50:12,-07:00,2026-04-24T15:50:12-07:00,2,50
global.js,112,js,74493839,Natalie Huynh,2026-04-24,15:50:12,-07:00,2026-04-24T15:50:12-07:00,1,0
global.js,113,js,74493839,Natalie Huynh,2026-04-24,15:50:12,-07:00,2026-04-24T15:50:12-07:00,0,0
global.js,114,js,74493839,Natalie Huynh,2026-04-24,15:50:12,-07:00,2026-04-24T15:50:12-07:00,1,47
global.js,115,js,74493839,Natalie Huynh,2026-04-24,15:50:12,-07:00,2026-04-24T15:50:12-07:00,0,0
global.js,116,js,74493839,Natalie Huynh,2026-04-24,15:50:12,-07:00,2026-04-24T15:50:12-07:00,1,47
global.js,117,js,74493839,Natalie Huynh,2026-04-24,15:50:12,-07:00,2026-04-24T15:50:12-07:00,1,18
global.js,118,js,74493839,Natalie Huynh,2026-04-24,15:50:12,-07:00,2026-04-24T15:50:12-07:00,0,1
global.js,119,js,74493839,Natalie Huynh,2026-04-24,15:50:12,-07:00,2026-04-24T15:50:12-07:00,0,0
global.js,120,js,74493839,Natalie Huynh,2026-04-24,15:50:12,-07:00,2026-04-24T15:50:12-07:00,0,8
global.js,121,js,74493839,Natalie Huynh,2026-04-24,15:50:12,-07:00,2026-04-24T15:50:12-07:00,0,36
global.js,122,js,74493839,Natalie Huynh,2026-04-24,15:50:12,-07:00,2026-04-24T15:50:12-07:00,1,3
global.js,123,js,74493839,Natalie Huynh,2026-04-24,15:50:12,-07:00,2026-04-24T15:50:12-07:00,2,39
global.js,124,js,74493839,Natalie Huynh,2026-04-24,15:50:12,-07:00,2026-04-24T15:50:12-07:00,2,32
global.js,125,js,74493839,Natalie Huynh,2026-04-24,15:50:12,-07:00,2026-04-24T15:50:12-07:00,2,0
global.js,126,js,74493839,Natalie Huynh,2026-04-24,15:50:12,-07:00,2026-04-24T15:50:12-07:00,2,14
global.js,127,js,74493839,Natalie Huynh,2026-04-24,15:50:12,-07:00,2026-04-24T15:50:12-07:00,2,17
global.js,128,js,74493839,Natalie Huynh,2026-04-24,15:50:12,-07:00,2026-04-24T15:50:12-07:00,3,66
global.js,129,js,74493839,Natalie Huynh,2026-04-24,15:50:12,-07:00,2026-04-24T15:50:12-07:00,2,0
global.js,130,js,74493839,Natalie Huynh,2026-04-24,15:50:12,-07:00,2026-04-24T15:50:12-07:00,0,0
global.js,131,js,74493839,Natalie Huynh,2026-04-24,15:50:12,-07:00,2026-04-24T15:50:12-07:00,2,12
global.js,132,js,74493839,Natalie Huynh,2026-04-24,15:50:12,-07:00,2026-04-24T15:50:12-07:00,2,33
global.js,133,js,74493839,Natalie Huynh,2026-04-24,15:50:12,-07:00,2026-04-24T15:50:12-07:00,2,10
global.js,134,js,74493839,Natalie Huynh,2026-04-24,15:50:12,-07:00,2026-04-24T15:50:12-07:00,0,0
global.js,135,js,74493839,Natalie Huynh,2026-04-24,15:50:12,-07:00,2026-04-24T15:50:12-07:00,1,15
global.js,136,js,74493839,Natalie Huynh,2026-04-24,15:50:12,-07:00,2026-04-24T15:50:12-07:00,2,59
global.js,137,js,74493839,Natalie Huynh,2026-04-24,15:50:12,-07:00,2026-04-24T15:50:12-07:00,1,0
global.js,138,js,74493839,Natalie Huynh,2026-04-24,15:50:12,-07:00,2026-04-24T15:50:12-07:00,0,0
global.js,139,js,74493839,Natalie Huynh,2026-04-24,15:50:12,-07:00,2026-04-24T15:50:12-07:00,0,0
global.js,140,js,74493839,Natalie Huynh,2026-04-24,15:50:12,-07:00,2026-04-24T15:50:12-07:00,0,14
global.js,141,js,74493839,Natalie Huynh,2026-04-24,15:50:12,-07:00,2026-04-24T15:50:12-07:00,0,49
global.js,142,js,74493839,Natalie Huynh,2026-04-24,15:50:12,-07:00,2026-04-24T15:50:12-07:00,0,30
global.js,143,js,74493839,Natalie Huynh,2026-04-24,15:50:12,-07:00,2026-04-24T15:50:12-07:00,0,4
global.js,144,js,74493839,Natalie Huynh,2026-04-24,15:50:12,-07:00,2026-04-24T15:50:12-07:00,0,33
global.js,145,js,11540465,Natalie Huynh,2026-04-24,14:21:09,-07:00,2026-04-24T14:21:09-07:00,0,79
global.js,146,js,11540465,Natalie Huynh,2026-04-24,14:21:09,-07:00,2026-04-24T14:21:09-07:00,1,19
global.js,147,js,11540465,Natalie Huynh,2026-04-24,14:21:09,-07:00,2026-04-24T14:21:09-07:00,1,22
global.js,148,js,11540465,Natalie Huynh,2026-04-24,14:21:09,-07:00,2026-04-24T14:21:09-07:00,2,41
global.js,149,js,11540465,Natalie Huynh,2026-04-24,14:21:09,-07:00,2026-04-24T14:21:09-07:00,2,5
global.js,150,js,11540465,Natalie Huynh,2026-04-24,14:21:09,-07:00,2026-04-24T14:21:09-07:00,1,0
global.js,151,js,11540465,Natalie Huynh,2026-04-24,14:21:09,-07:00,2026-04-24T14:21:09-07:00,0,0
global.js,152,js,11540465,Natalie Huynh,2026-04-24,14:21:09,-07:00,2026-04-24T14:21:09-07:00,1,23
global.js,153,js,11540465,Natalie Huynh,2026-04-24,14:21:09,-07:00,2026-04-24T14:21:09-07:00,1,30
global.js,154,js,11540465,Natalie Huynh,2026-04-24,14:21:09,-07:00,2026-04-24T14:21:09-07:00,0,0
global.js,155,js,11540465,Natalie Huynh,2026-04-24,14:21:09,-07:00,2026-04-24T14:21:09-07:00,1,18
global.js,156,js,11540465,Natalie Huynh,2026-04-24,14:21:09,-07:00,2026-04-24T14:21:09-07:00,1,39
global.js,157,js,11540465,Natalie Huynh,2026-04-24,14:21:09,-07:00,2026-04-24T14:21:09-07:00,2,59
global.js,158,js,11540465,Natalie Huynh,2026-04-24,14:21:09,-07:00,2026-04-24T14:21:09-07:00,2,5
global.js,159,js,11540465,Natalie Huynh,2026-04-24,14:21:09,-07:00,2026-04-24T14:21:09-07:00,1,0
global.js,160,js,11540465,Natalie Huynh,2026-04-24,14:21:09,-07:00,2026-04-24T14:21:09-07:00,0,0
global.js,161,js,11540465,Natalie Huynh,2026-04-24,14:21:09,-07:00,2026-04-24T14:21:09-07:00,1,26
global.js,162,js,11540465,Natalie Huynh,2026-04-24,14:21:09,-07:00,2026-04-24T14:21:09-07:00,1,29
global.js,163,js,11540465,Natalie Huynh,2026-04-24,14:21:09,-07:00,2026-04-24T14:21:09-07:00,2,48
global.js,164,js,11540465,Natalie Huynh,2026-04-24,14:21:09,-07:00,2026-04-24T14:21:09-07:00,0,0
global.js,165,js,11540465,Natalie Huynh,2026-04-24,14:21:09,-07:00,2026-04-24T14:21:09-07:00,2,19
global.js,166,js,e1033d29,Natalie Huynh,2026-05-01,16:47:47,-07:00,2026-05-01T16:47:47-07:00,1,49
global.js,167,js,e1033d29,Natalie Huynh,2026-05-01,16:47:47,-07:00,2026-05-01T16:47:47-07:00,1,49
global.js,168,js,e1033d29,Natalie Huynh,2026-05-01,16:47:47,-07:00,2026-05-01T16:47:47-07:00,1,0
global.js,169,js,e1033d29,Natalie Huynh,2026-05-01,16:47:47,-07:00,2026-05-01T16:47:47-07:00,1,24
global.js,170,js,4d69288d,Natalie Huynh,2026-04-24,15:54:07,-07:00,2026-04-24T15:54:07-07:00,2,27
global.js,171,js,e1033d29,Natalie Huynh,2026-05-01,16:47:47,-07:00,2026-05-01T16:47:47-07:00,2,33
global.js,172,js,e1033d29,Natalie Huynh,2026-05-01,16:47:47,-07:00,2026-05-01T16:47:47-07:00,1,4
global.js,173,js,e1033d29,Natalie Huynh,2026-05-01,16:47:47,-07:00,2026-05-01T16:47:47-07:00,0,0
global.js,174,js,11540465,Natalie Huynh,2026-04-24,14:21:09,-07:00,2026-04-24T14:21:09-07:00,0,0
global.js,175,js,11540465,Natalie Huynh,2026-04-24,14:21:09,-07:00,2026-04-24T14:21:09-07:00,2,36
global.js,176,js,11540465,Natalie Huynh,2026-04-24,14:21:09,-07:00,2026-04-24T14:21:09-07:00,1,0
global.js,177,js,74493839,Natalie Huynh,2026-04-24,15:50:12,-07:00,2026-04-24T15:50:12-07:00,0,0
global.js,178,js,74493839,Natalie Huynh,2026-04-24,15:50:12,-07:00,2026-04-24T15:50:12-07:00,0,0
global.js,179,js,74493839,Natalie Huynh,2026-04-24,15:50:12,-07:00,2026-04-24T15:50:12-07:00,0,47
global.js,180,js,74493839,Natalie Huynh,2026-04-24,15:50:12,-07:00,2026-04-24T15:50:12-07:00,1,22
global.js,181,js,74493839,Natalie Huynh,2026-04-24,15:50:12,-07:00,2026-04-24T15:50:12-07:00,1,59
global.js,182,js,11540465,Natalie Huynh,2026-04-24,14:21:09,-07:00,2026-04-24T14:21:09-07:00,0,0
resume/index.html,1,html,9031df74,Natalie Huynh,2026-04-02,13:27:10,-07:00,2026-04-02T13:27:10-07:00,0,13
resume/index.html,2,html,9031df74,Natalie Huynh,2026-04-02,13:27:10,-07:00,2026-04-02T13:27:10-07:00,0,14
resume/index.html,3,html,9031df74,Natalie Huynh,2026-04-02,13:27:10,-07:00,2026-04-02T13:27:10-07:00,0,4
resume/index.html,4,html,fe9ebedd,Natalie Huynh,2026-04-10,16:52:50,-07:00,2026-04-10T16:52:50-07:00,1,20
resume/index.html,5,html,fe9ebedd,Natalie Huynh,2026-04-10,16:52:50,-07:00,2026-04-10T16:52:50-07:00,1,68
resume/index.html,6,html,fe9ebedd,Natalie Huynh,2026-04-10,16:52:50,-07:00,2026-04-10T16:52:50-07:00,1,19
resume/index.html,7,html,fe9ebedd,Natalie Huynh,2026-04-10,16:52:50,-07:00,2026-04-10T16:52:50-07:00,1,41
resume/index.html,8,html,c1c33477,Natalie Huynh,2026-04-16,20:45:57,-07:00,2026-04-16T20:45:57-07:00,1,16
resume/index.html,9,html,565f5ce7,Natalie Huynh,2026-04-16,20:47:37,-07:00,2026-04-16T20:47:37-07:00,1,48
resume/index.html,10,html,9031df74,Natalie Huynh,2026-04-02,13:27:10,-07:00,2026-04-02T13:27:10-07:00,0,5
resume/index.html,11,html,fe9ebedd,Natalie Huynh,2026-04-10,16:52:50,-07:00,2026-04-10T16:52:50-07:00,0,0
resume/index.html,12,html,fe9ebedd,Natalie Huynh,2026-04-10,16:52:50,-07:00,2026-04-10T16:52:50-07:00,0,19
resume/index.html,13,html,fe9ebedd,Natalie Huynh,2026-04-10,16:52:50,-07:00,2026-04-10T16:52:50-07:00,1,4
resume/index.html,14,html,fe9ebedd,Natalie Huynh,2026-04-10,16:52:50,-07:00,2026-04-10T16:52:50-07:00,0,0
resume/index.html,15,html,fe9ebedd,Natalie Huynh,2026-04-10,16:52:50,-07:00,2026-04-10T16:52:50-07:00,2,20
resume/index.html,16,html,fe9ebedd,Natalie Huynh,2026-04-10,16:52:50,-07:00,2026-04-10T16:52:50-07:00,2,7
resume/index.html,17,html,de7dd9ca,Natalie Huynh,2026-04-10,16:56:03,-07:00,2026-04-10T16:56:03-07:00,1,20
resume/index.html,18,html,de7dd9ca,Natalie Huynh,2026-04-10,16:56:03,-07:00,2026-04-10T16:56:03-07:00,1,1
resume/index.html,19,html,de7dd9ca,Natalie Huynh,2026-04-10,16:56:03,-07:00,2026-04-10T16:56:03-07:00,2,38
resume/index.html,20,html,de7dd9ca,Natalie Huynh,2026-04-10,16:56:03,-07:00,2026-04-10T16:56:03-07:00,2,69
resume/index.html,21,html,de7dd9ca,Natalie Huynh,2026-04-10,16:56:03,-07:00,2026-04-10T16:56:03-07:00,3,6
resume/index.html,22,html,de7dd9ca,Natalie Huynh,2026-04-10,16:56:03,-07:00,2026-04-10T16:56:03-07:00,2,2
resume/index.html,23,html,de7dd9ca,Natalie Huynh,2026-04-10,16:56:03,-07:00,2026-04-10T16:56:03-07:00,1,2
resume/index.html,24,html,de7dd9ca,Natalie Huynh,2026-04-10,16:56:03,-07:00,2026-04-10T16:56:03-07:00,0,8
resume/index.html,25,html,fe9ebedd,Natalie Huynh,2026-04-10,16:52:50,-07:00,2026-04-10T16:52:50-07:00,0,0
resume/index.html,26,html,fe9ebedd,Natalie Huynh,2026-04-10,16:52:50,-07:00,2026-04-10T16:52:50-07:00,2,16
resume/index.html,27,html,fe9ebedd,Natalie Huynh,2026-04-10,16:52:50,-07:00,2026-04-10T16:52:50-07:00,2,7
resume/index.html,28,html,fe9ebedd,Natalie Huynh,2026-04-10,16:52:50,-07:00,2026-04-10T16:52:50-07:00,3,16
resume/index.html,29,html,fe9ebedd,Natalie Huynh,2026-04-10,16:52:50,-07:00,2026-04-10T16:52:50-07:00,3,78
resume/index.html,30,html,fe9ebedd,Natalie Huynh,2026-04-10,16:52:50,-07:00,2026-04-10T16:52:50-07:00,2,8
resume/index.html,31,html,fe9ebedd,Natalie Huynh,2026-04-10,16:52:50,-07:00,2026-04-10T16:52:50-07:00,0,0
resume/index.html,32,html,fe9ebedd,Natalie Huynh,2026-04-10,16:52:50,-07:00,2026-04-10T16:52:50-07:00,2,17
resume/index.html,33,html,fe9ebedd,Natalie Huynh,2026-04-10,16:52:50,-07:00,2026-04-10T16:52:50-07:00,2,7
resume/index.html,34,html,fe9ebedd,Natalie Huynh,2026-04-10,16:52:50,-07:00,2026-04-10T16:52:50-07:00,3,17
resume/index.html,35,html,fe9ebedd,Natalie Huynh,2026-04-10,16:52:50,-07:00,2026-04-10T16:52:50-07:00,0,0
resume/index.html,36,html,fe9ebedd,Natalie Huynh,2026-04-10,16:52:50,-07:00,2026-04-10T16:52:50-07:00,3,12
resume/index.html,37,html,fe9ebedd,Natalie Huynh,2026-04-10,16:52:50,-07:00,2026-04-10T16:52:50-07:00,3,7
resume/index.html,38,html,fe9ebedd,Natalie Huynh,2026-04-10,16:52:50,-07:00,2026-04-10T16:52:50-07:00,4,6
resume/index.html,39,html,fe9ebedd,Natalie Huynh,2026-04-10,16:52:50,-07:00,2026-04-10T16:52:50-07:00,5,23
resume/index.html,40,html,fe9ebedd,Natalie Huynh,2026-04-10,16:52:50,-07:00,2026-04-10T16:52:50-07:00,5,57
resume/index.html,41,html,fe9ebedd,Natalie Huynh,2026-04-10,16:52:50,-07:00,2026-04-10T16:52:50-07:00,4,7
resume/index.html,42,html,fe9ebedd,Natalie Huynh,2026-04-10,16:52:50,-07:00,2026-04-10T16:52:50-07:00,4,2
resume/index.html,43,html,fe9ebedd,Natalie Huynh,2026-04-10,16:52:50,-07:00,2026-04-10T16:52:50-07:00,5,100
resume/index.html,44,html,fe9ebedd,Natalie Huynh,2026-04-10,16:52:50,-07:00,2026-04-10T16:52:50-07:00,5,98
resume/index.html,45,html,fe9ebedd,Natalie Huynh,2026-04-10,16:52:50,-07:00,2026-04-10T16:52:50-07:00,5,64
resume/index.html,46,html,fe9ebedd,Natalie Huynh,2026-04-10,16:52:50,-07:00,2026-04-10T16:52:50-07:00,5,67
resume/index.html,47,html,fe9ebedd,Natalie Huynh,2026-04-10,16:52:50,-07:00,2026-04-10T16:52:50-07:00,4,3
resume/index.html,48,html,fe9ebedd,Natalie Huynh,2026-04-10,16:52:50,-07:00,2026-04-10T16:52:50-07:00,3,8
resume/index.html,49,html,fe9ebedd,Natalie Huynh,2026-04-10,16:52:50,-07:00,2026-04-10T16:52:50-07:00,0,0
resume/index.html,50,html,fe9ebedd,Natalie Huynh,2026-04-10,16:52:50,-07:00,2026-04-10T16:52:50-07:00,3,12
resume/index.html,51,html,fe9ebedd,Natalie Huynh,2026-04-10,16:52:50,-07:00,2026-04-10T16:52:50-07:00,3,7
resume/index.html,52,html,fe9ebedd,Natalie Huynh,2026-04-10,16:52:50,-07:00,2026-04-10T16:52:50-07:00,4,6
resume/index.html,53,html,fe9ebedd,Natalie Huynh,2026-04-10,16:52:50,-07:00,2026-04-10T16:52:50-07:00,5,39
resume/index.html,54,html,fe9ebedd,Natalie Huynh,2026-04-10,16:52:50,-07:00,2026-04-10T16:52:50-07:00,5,64
resume/index.html,55,html,fe9ebedd,Natalie Huynh,2026-04-10,16:52:50,-07:00,2026-04-10T16:52:50-07:00,4,7
resume/index.html,56,html,fe9ebedd,Natalie Huynh,2026-04-10,16:52:50,-07:00,2026-04-10T16:52:50-07:00,4,2
resume/index.html,57,html,fe9ebedd,Natalie Huynh,2026-04-10,16:52:50,-07:00,2026-04-10T16:52:50-07:00,5,84
resume/index.html,58,html,fe9ebedd,Natalie Huynh,2026-04-10,16:52:50,-07:00,2026-04-10T16:52:50-07:00,5,87
resume/index.html,59,html,fe9ebedd,Natalie Huynh,2026-04-10,16:52:50,-07:00,2026-04-10T16:52:50-07:00,5,93
resume/index.html,60,html,fe9ebedd,Natalie Huynh,2026-04-10,16:52:50,-07:00,2026-04-10T16:52:50-07:00,4,3
resume/index.html,61,html,fe9ebedd,Natalie Huynh,2026-04-10,16:52:50,-07:00,2026-04-10T16:52:50-07:00,3,8
resume/index.html,62,html,fe9ebedd,Natalie Huynh,2026-04-10,16:52:50,-07:00,2026-04-10T16:52:50-07:00,0,0
resume/index.html,63,html,fe9ebedd,Natalie Huynh,2026-04-10,16:52:50,-07:00,2026-04-10T16:52:50-07:00,3,12
resume/index.html,64,html,fe9ebedd,Natalie Huynh,2026-04-10,16:52:50,-07:00,2026-04-10T16:52:50-07:00,3,7
resume/index.html,65,html,fe9ebedd,Natalie Huynh,2026-04-10,16:52:50,-07:00,2026-04-10T16:52:50-07:00,4,6
resume/index.html,66,html,fe9ebedd,Natalie Huynh,2026-04-10,16:52:50,-07:00,2026-04-10T16:52:50-07:00,5,33
resume/index.html,67,html,fe9ebedd,Natalie Huynh,2026-04-10,16:52:50,-07:00,2026-04-10T16:52:50-07:00,5,66
resume/index.html,68,html,fe9ebedd,Natalie Huynh,2026-04-10,16:52:50,-07:00,2026-04-10T16:52:50-07:00,4,7
resume/index.html,69,html,fe9ebedd,Natalie Huynh,2026-04-10,16:52:50,-07:00,2026-04-10T16:52:50-07:00,4,2
resume/index.html,70,html,fe9ebedd,Natalie Huynh,2026-04-10,16:52:50,-07:00,2026-04-10T16:52:50-07:00,5,89
resume/index.html,71,html,fe9ebedd,Natalie Huynh,2026-04-10,16:52:50,-07:00,2026-04-10T16:52:50-07:00,5,83
resume/index.html,72,html,fe9ebedd,Natalie Huynh,2026-04-10,16:52:50,-07:00,2026-04-10T16:52:50-07:00,5,68
resume/index.html,73,html,fe9ebedd,Natalie Huynh,2026-04-10,16:52:50,-07:00,2026-04-10T16:52:50-07:00,4,3
resume/index.html,74,html,fe9ebedd,Natalie Huynh,2026-04-10,16:52:50,-07:00,2026-04-10T16:52:50-07:00,3,8
resume/index.html,75,html,fe9ebedd,Natalie Huynh,2026-04-10,16:52:50,-07:00,2026-04-10T16:52:50-07:00,0,0
resume/index.html,76,html,fe9ebedd,Natalie Huynh,2026-04-10,16:52:50,-07:00,2026-04-10T16:52:50-07:00,2,8
resume/index.html,77,html,fe9ebedd,Natalie Huynh,2026-04-10,16:52:50,-07:00,2026-04-10T16:52:50-07:00,0,0
resume/index.html,78,html,fe9ebedd,Natalie Huynh,2026-04-10,16:52:50,-07:00,2026-04-10T16:52:50-07:00,2,17
resume/index.html,79,html,fe9ebedd,Natalie Huynh,2026-04-10,16:52:50,-07:00,2026-04-10T16:52:50-07:00,2,7
resume/index.html,80,html,fe9ebedd,Natalie Huynh,2026-04-10,16:52:50,-07:00,2026-04-10T16:52:50-07:00,3,17
resume/index.html,81,html,fe9ebedd,Natalie Huynh,2026-04-10,16:52:50,-07:00,2026-04-10T16:52:50-07:00,0,0
resume/index.html,82,html,fe9ebedd,Natalie Huynh,2026-04-10,16:52:50,-07:00,2026-04-10T16:52:50-07:00,3,7
resume/index.html,83,html,fe9ebedd,Natalie Huynh,2026-04-10,16:52:50,-07:00,2026-04-10T16:52:50-07:00,4,6
resume/index.html,84,html,fe9ebedd,Natalie Huynh,2026-04-10,16:52:50,-07:00,2026-04-10T16:52:50-07:00,5,52
resume/index.html,85,html,fe9ebedd,Natalie Huynh,2026-04-10,16:52:50,-07:00,2026-04-10T16:52:50-07:00,5,24
resume/index.html,86,html,fe9ebedd,Natalie Huynh,2026-04-10,16:52:50,-07:00,2026-04-10T16:52:50-07:00,4,7
resume/index.html,87,html,fe9ebedd,Natalie Huynh,2026-04-10,16:52:50,-07:00,2026-04-10T16:52:50-07:00,4,2
resume/index.html,88,html,fe9ebedd,Natalie Huynh,2026-04-10,16:52:50,-07:00,2026-04-10T16:52:50-07:00,5,99
resume/index.html,89,html,fe9ebedd,Natalie Huynh,2026-04-10,16:52:50,-07:00,2026-04-10T16:52:50-07:00,5,83
resume/index.html,90,html,fe9ebedd,Natalie Huynh,2026-04-10,16:52:50,-07:00,2026-04-10T16:52:50-07:00,4,3
resume/index.html,91,html,fe9ebedd,Natalie Huynh,2026-04-10,16:52:50,-07:00,2026-04-10T16:52:50-07:00,3,8
resume/index.html,92,html,fe9ebedd,Natalie Huynh,2026-04-10,16:52:50,-07:00,2026-04-10T16:52:50-07:00,0,0
resume/index.html,93,html,fe9ebedd,Natalie Huynh,2026-04-10,16:52:50,-07:00,2026-04-10T16:52:50-07:00,2,8
resume/index.html,94,html,fe9ebedd,Natalie Huynh,2026-04-10,16:52:50,-07:00,2026-04-10T16:52:50-07:00,0,0
resume/index.html,95,html,fe9ebedd,Natalie Huynh,2026-04-10,16:52:50,-07:00,2026-04-10T16:52:50-07:00,2,13
resume/index.html,96,html,fe9ebedd,Natalie Huynh,2026-04-10,16:52:50,-07:00,2026-04-10T16:52:50-07:00,2,7
resume/index.html,97,html,fe9ebedd,Natalie Huynh,2026-04-10,16:52:50,-07:00,2026-04-10T16:52:50-07:00,3,13
resume/index.html,98,html,fe9ebedd,Natalie Huynh,2026-04-10,16:52:50,-07:00,2026-04-10T16:52:50-07:00,3,2
resume/index.html,99,html,fe9ebedd,Natalie Huynh,2026-04-10,16:52:50,-07:00,2026-04-10T16:52:50-07:00,4,58
resume/index.html,100,html,fe9ebedd,Natalie Huynh,2026-04-10,16:52:50,-07:00,2026-04-10T16:52:50-07:00,4,93
resume/index.html,101,html,fe9ebedd,Natalie Huynh,2026-04-10,16:52:50,-07:00,2026-04-10T16:52:50-07:00,4,104
resume/index.html,102,html,fe9ebedd,Natalie Huynh,2026-04-10,16:52:50,-07:00,2026-04-10T16:52:50-07:00,3,3
resume/index.html,103,html,fe9ebedd,Natalie Huynh,2026-04-10,16:52:50,-07:00,2026-04-10T16:52:50-07:00,2,8
resume/index.html,104,html,fe9ebedd,Natalie Huynh,2026-04-10,16:52:50,-07:00,2026-04-10T16:52:50-07:00,0,0
resume/index.html,105,html,fe9ebedd,Natalie Huynh,2026-04-10,16:52:50,-07:00,2026-04-10T16:52:50-07:00,1,5
resume/index.html,106,html,fe9ebedd,Natalie Huynh,2026-04-10,16:52:50,-07:00,2026-04-10T16:52:50-07:00,0,0
resume/index.html,107,html,fe9ebedd,Natalie Huynh,2026-04-10,16:52:50,-07:00,2026-04-10T16:52:50-07:00,0,5
resume/index.html,108,html,9031df74,Natalie Huynh,2026-04-02,13:27:10,-07:00,2026-04-02T13:27:10-07:00,0,5
projects/projects.js,1,js,307b6781,Natalie Huynh,2026-04-24,11:19:00,-07:00,2026-04-24T11:19:00-07:00,0,55
projects/projects.js,2,js,e1033d29,Natalie Huynh,2026-05-01,16:47:47,-07:00,2026-05-01T16:47:47-07:00,0,63
projects/projects.js,3,js,e1033d29,Natalie Huynh,2026-05-01,16:47:47,-07:00,2026-05-01T16:47:47-07:00,0,0
projects/projects.js,4,js,e1033d29,Natalie Huynh,2026-05-01,16:47:47,-07:00,2026-05-01T16:47:47-07:00,0,22
projects/projects.js,5,js,e1033d29,Natalie Huynh,2026-05-01,16:47:47,-07:00,2026-05-01T16:47:47-07:00,0,13
projects/projects.js,6,js,da11cb0b,Natalie Huynh,2026-04-24,14:22:54,-07:00,2026-04-24T14:22:54-07:00,0,0
projects/projects.js,7,js,307b6781,Natalie Huynh,2026-04-24,11:19:00,-07:00,2026-04-24T11:19:00-07:00,0,55
projects/projects.js,8,js,da11cb0b,Natalie Huynh,2026-04-24,14:22:54,-07:00,2026-04-24T14:22:54-07:00,0,0
projects/projects.js,9,js,307b6781,Natalie Huynh,2026-04-24,11:19:00,-07:00,2026-04-24T11:19:00-07:00,0,60
projects/projects.js,10,js,da11cb0b,Natalie Huynh,2026-04-24,14:22:54,-07:00,2026-04-24T14:22:54-07:00,0,61
projects/projects.js,11,js,e1033d29,Natalie Huynh,2026-05-01,16:47:47,-07:00,2026-05-01T16:47:47-07:00,0,53
projects/projects.js,12,js,da11cb0b,Natalie Huynh,2026-04-24,14:22:54,-07:00,2026-04-24T14:22:54-07:00,0,0
projects/projects.js,13,js,368e5aff,Natalie Huynh,2026-04-24,18:12:26,-07:00,2026-04-24T18:12:26-07:00,0,55
projects/projects.js,14,js,da11cb0b,Natalie Huynh,2026-04-24,14:22:54,-07:00,2026-04-24T14:22:54-07:00,0,0
projects/projects.js,15,js,e1033d29,Natalie Huynh,2026-05-01,16:47:47,-07:00,2026-05-01T16:47:47-07:00,0,16
projects/projects.js,16,js,e1033d29,Natalie Huynh,2026-05-01,16:47:47,-07:00,2026-05-01T16:47:47-07:00,0,38
projects/projects.js,17,js,e1033d29,Natalie Huynh,2026-05-01,16:47:47,-07:00,2026-05-01T16:47:47-07:00,1,26
projects/projects.js,18,js,e1033d29,Natalie Huynh,2026-05-01,16:47:47,-07:00,2026-05-01T16:47:47-07:00,0,0
projects/projects.js,19,js,e1033d29,Natalie Huynh,2026-05-01,16:47:47,-07:00,2026-05-01T16:47:47-07:00,1,37
projects/projects.js,20,js,e1033d29,Natalie Huynh,2026-05-01,16:47:47,-07:00,2026-05-01T16:47:47-07:00,2,59
projects/projects.js,21,js,e1033d29,Natalie Huynh,2026-05-01,16:47:47,-07:00,2026-05-01T16:47:47-07:00,2,42
projects/projects.js,22,js,e1033d29,Natalie Huynh,2026-05-01,16:47:47,-07:00,2026-05-01T16:47:47-07:00,1,1
projects/projects.js,23,js,e1033d29,Natalie Huynh,2026-05-01,16:47:47,-07:00,2026-05-01T16:47:47-07:00,0,0
projects/projects.js,24,js,e1033d29,Natalie Huynh,2026-05-01,16:47:47,-07:00,2026-05-01T16:47:47-07:00,1,17
projects/projects.js,25,js,e1033d29,Natalie Huynh,2026-05-01,16:47:47,-07:00,2026-05-01T16:47:47-07:00,2,55
projects/projects.js,26,js,e1033d29,Natalie Huynh,2026-05-01,16:47:47,-07:00,2026-05-01T16:47:47-07:00,1,0
projects/projects.js,27,js,e1033d29,Natalie Huynh,2026-05-01,16:47:47,-07:00,2026-05-01T16:47:47-07:00,0,0
projects/projects.js,28,js,e1033d29,Natalie Huynh,2026-05-01,16:47:47,-07:00,2026-05-01T16:47:47-07:00,1,14
projects/projects.js,29,js,e1033d29,Natalie Huynh,2026-05-01,16:47:47,-07:00,2026-05-01T16:47:47-07:00,0,0
projects/projects.js,30,js,e1033d29,Natalie Huynh,2026-05-01,16:47:47,-07:00,2026-05-01T16:47:47-07:00,0,0
projects/projects.js,31,js,e1033d29,Natalie Huynh,2026-05-01,16:47:47,-07:00,2026-05-01T16:47:47-07:00,0,15
projects/projects.js,32,js,e1033d29,Natalie Huynh,2026-05-01,16:47:47,-07:00,2026-05-01T16:47:47-07:00,0,33
projects/projects.js,33,js,e1033d29,Natalie Huynh,2026-05-01,16:47:47,-07:00,2026-05-01T16:47:47-07:00,1,37
projects/projects.js,34,js,e1033d29,Natalie Huynh,2026-05-01,16:47:47,-07:00,2026-05-01T16:47:47-07:00,2,59
projects/projects.js,35,js,379d2a08,Natalie Huynh,2026-05-01,17:50:58,-07:00,2026-05-01T17:50:58-07:00,2,27
projects/projects.js,36,js,e1033d29,Natalie Huynh,2026-05-01,16:47:47,-07:00,2026-05-01T16:47:47-07:00,2,42
projects/projects.js,37,js,e1033d29,Natalie Huynh,2026-05-01,16:47:47,-07:00,2026-05-01T16:47:47-07:00,1,1
projects/projects.js,38,js,e1033d29,Natalie Huynh,2026-05-01,16:47:47,-07:00,2026-05-01T16:47:47-07:00,0,0
projects/projects.js,39,js,e1033d29,Natalie Huynh,2026-05-01,16:47:47,-07:00,2026-05-01T16:47:47-07:00,0,0
projects/projects.js,40,js,e1033d29,Natalie Huynh,2026-05-01,16:47:47,-07:00,2026-05-01T16:47:47-07:00,0,25
projects/projects.js,41,js,e1033d29,Natalie Huynh,2026-05-01,16:47:47,-07:00,2026-05-01T16:47:47-07:00,0,33
projects/projects.js,42,js,e1033d29,Natalie Huynh,2026-05-01,16:47:47,-07:00,2026-05-01T16:47:47-07:00,1,40
projects/projects.js,43,js,e1033d29,Natalie Huynh,2026-05-01,16:47:47,-07:00,2026-05-01T16:47:47-07:00,1,32
projects/projects.js,44,js,e1033d29,Natalie Huynh,2026-05-01,16:47:47,-07:00,2026-05-01T16:47:47-07:00,0,0
projects/projects.js,45,js,e1033d29,Natalie Huynh,2026-05-01,16:47:47,-07:00,2026-05-01T16:47:47-07:00,1,29
projects/projects.js,46,js,e1033d29,Natalie Huynh,2026-05-01,16:47:47,-07:00,2026-05-01T16:47:47-07:00,1,30
projects/projects.js,47,js,e1033d29,Natalie Huynh,2026-05-01,16:47:47,-07:00,2026-05-01T16:47:47-07:00,0,0
projects/projects.js,48,js,e1033d29,Natalie Huynh,2026-05-01,16:47:47,-07:00,2026-05-01T16:47:47-07:00,1,26
projects/projects.js,49,js,e1033d29,Natalie Huynh,2026-05-01,16:47:47,-07:00,2026-05-01T16:47:47-07:00,2,7
projects/projects.js,50,js,e1033d29,Natalie Huynh,2026-05-01,16:47:47,-07:00,2026-05-01T16:47:47-07:00,2,12
projects/projects.js,51,js,e1033d29,Natalie Huynh,2026-05-01,16:47:47,-07:00,2026-05-01T16:47:47-07:00,2,9
projects/projects.js,52,js,e1033d29,Natalie Huynh,2026-05-01,16:47:47,-07:00,2026-05-01T16:47:47-07:00,1,0
projects/projects.js,53,js,e1033d29,Natalie Huynh,2026-05-01,16:47:47,-07:00,2026-05-01T16:47:47-07:00,0,0
projects/projects.js,54,js,e1033d29,Natalie Huynh,2026-05-01,16:47:47,-07:00,2026-05-01T16:47:47-07:00,1,45
projects/projects.js,55,js,e1033d29,Natalie Huynh,2026-05-01,16:47:47,-07:00,2026-05-01T16:47:47-07:00,2,11
projects/projects.js,56,js,e1033d29,Natalie Huynh,2026-05-01,16:47:47,-07:00,2026-05-01T16:47:47-07:00,2,9
projects/projects.js,57,js,e1033d29,Natalie Huynh,2026-05-01,16:47:47,-07:00,2026-05-01T16:47:47-07:00,1,2
projects/projects.js,58,js,e1033d29,Natalie Huynh,2026-05-01,16:47:47,-07:00,2026-05-01T16:47:47-07:00,0,0
projects/projects.js,59,js,e1033d29,Natalie Huynh,2026-05-01,16:47:47,-07:00,2026-05-01T16:47:47-07:00,1,48
projects/projects.js,60,js,e1033d29,Natalie Huynh,2026-05-01,16:47:47,-07:00,2026-05-01T16:47:47-07:00,1,33
projects/projects.js,61,js,e1033d29,Natalie Huynh,2026-05-01,16:47:47,-07:00,2026-05-01T16:47:47-07:00,0,0
projects/projects.js,62,js,e1033d29,Natalie Huynh,2026-05-01,16:47:47,-07:00,2026-05-01T16:47:47-07:00,1,25
projects/projects.js,63,js,e1033d29,Natalie Huynh,2026-05-01,16:47:47,-07:00,2026-05-01T16:47:47-07:00,2,13
projects/projects.js,64,js,e1033d29,Natalie Huynh,2026-05-01,16:47:47,-07:00,2026-05-01T16:47:47-07:00,2,15
projects/projects.js,65,js,e1033d29,Natalie Huynh,2026-05-01,16:47:47,-07:00,2026-05-01T16:47:47-07:00,0,0
projects/projects.js,66,js,e1033d29,Natalie Huynh,2026-05-01,16:47:47,-07:00,2026-05-01T16:47:47-07:00,1,47
projects/projects.js,67,js,e1033d29,Natalie Huynh,2026-05-01,16:47:47,-07:00,2026-05-01T16:47:47-07:00,0,0
projects/projects.js,68,js,e1033d29,Natalie Huynh,2026-05-01,16:47:47,-07:00,2026-05-01T16:47:47-07:00,0,31
projects/projects.js,69,js,e1033d29,Natalie Huynh,2026-05-01,16:47:47,-07:00,2026-05-01T16:47:47-07:00,1,19
projects/projects.js,70,js,e1033d29,Natalie Huynh,2026-05-01,16:47:47,-07:00,2026-05-01T16:47:47-07:00,2,12
projects/projects.js,71,js,e1033d29,Natalie Huynh,2026-05-01,16:47:47,-07:00,2026-05-01T16:47:47-07:00,2,11
projects/projects.js,72,js,e1033d29,Natalie Huynh,2026-05-01,16:47:47,-07:00,2026-05-01T16:47:47-07:00,2,22
projects/projects.js,73,js,e1033d29,Natalie Huynh,2026-05-01,16:47:47,-07:00,2026-05-01T16:47:47-07:00,2,32
projects/projects.js,74,js,e1033d29,Natalie Huynh,2026-05-01,16:47:47,-07:00,2026-05-01T16:47:47-07:00,2,54
projects/projects.js,75,js,e1033d29,Natalie Huynh,2026-05-01,16:47:47,-07:00,2026-05-01T16:47:47-07:00,2,26
projects/projects.js,76,js,e1033d29,Natalie Huynh,2026-05-01,16:47:47,-07:00,2026-05-01T16:47:47-07:00,3,65
projects/projects.js,77,js,e1033d29,Natalie Huynh,2026-05-01,16:47:47,-07:00,2026-05-01T16:47:47-07:00,0,0
projects/projects.js,78,js,e1033d29,Natalie Huynh,2026-05-01,16:47:47,-07:00,2026-05-01T16:47:47-07:00,3,58
projects/projects.js,79,js,e1033d29,Natalie Huynh,2026-05-01,16:47:47,-07:00,2026-05-01T16:47:47-07:00,2,1
projects/projects.js,80,js,e1033d29,Natalie Huynh,2026-05-01,16:47:47,-07:00,2026-05-01T16:47:47-07:00,0,0
projects/projects.js,81,js,e1033d29,Natalie Huynh,2026-05-01,16:47:47,-07:00,2026-05-01T16:47:47-07:00,0,8
projects/projects.js,82,js,e1033d29,Natalie Huynh,2026-05-01,16:47:47,-07:00,2026-05-01T16:47:47-07:00,1,20
projects/projects.js,83,js,e1033d29,Natalie Huynh,2026-05-01,16:47:47,-07:00,2026-05-01T16:47:47-07:00,2,9
projects/projects.js,84,js,e1033d29,Natalie Huynh,2026-05-01,16:47:47,-07:00,2026-05-01T16:47:47-07:00,2,9
projects/projects.js,85,js,e1033d29,Natalie Huynh,2026-05-01,16:47:47,-07:00,2026-05-01T16:47:47-07:00,2,46
projects/projects.js,86,js,e1033d29,Natalie Huynh,2026-05-01,16:47:47,-07:00,2026-05-01T16:47:47-07:00,2,49
projects/projects.js,87,js,e1033d29,Natalie Huynh,2026-05-01,16:47:47,-07:00,2026-05-01T16:47:47-07:00,2,73
projects/projects.js,88,js,e1033d29,Natalie Huynh,2026-05-01,16:47:47,-07:00,2026-05-01T16:47:47-07:00,2,26
projects/projects.js,89,js,e1033d29,Natalie Huynh,2026-05-01,16:47:47,-07:00,2026-05-01T16:47:47-07:00,3,55
projects/projects.js,90,js,e1033d29,Natalie Huynh,2026-05-01,16:47:47,-07:00,2026-05-01T16:47:47-07:00,0,0
projects/projects.js,91,js,e1033d29,Natalie Huynh,2026-05-01,16:47:47,-07:00,2026-05-01T16:47:47-07:00,3,22
projects/projects.js,92,js,e1033d29,Natalie Huynh,2026-05-01,16:47:47,-07:00,2026-05-01T16:47:47-07:00,2,1
projects/projects.js,93,js,e1033d29,Natalie Huynh,2026-05-01,16:47:47,-07:00,2026-05-01T16:47:47-07:00,0,0
projects/projects.js,94,js,e1033d29,Natalie Huynh,2026-05-01,16:47:47,-07:00,2026-05-01T16:47:47-07:00,0,0
projects/projects.js,95,js,e1033d29,Natalie Huynh,2026-05-01,16:47:47,-07:00,2026-05-01T16:47:47-07:00,0,8
projects/projects.js,96,js,379d2a08,Natalie Huynh,2026-05-01,17:50:58,-07:00,2026-05-01T17:50:58-07:00,0,59
projects/projects.js,97,js,379d2a08,Natalie Huynh,2026-05-01,17:50:58,-07:00,2026-05-01T17:50:58-07:00,0,47
projects/projects.js,98,js,379d2a08,Natalie Huynh,2026-05-01,17:50:58,-07:00,2026-05-01T17:50:58-07:00,0,55
projects/projects.js,99,js,379d2a08,Natalie Huynh,2026-05-01,17:50:58,-07:00,2026-05-01T17:50:58-07:00,0,45
projects/projects.js,100,js,e1033d29,Natalie Huynh,2026-05-01,16:47:47,-07:00,2026-05-01T16:47:47-07:00,0,20
projects/projects.js,101,js,e1033d29,Natalie Huynh,2026-05-01,16:47:47,-07:00,2026-05-01T16:47:47-07:00,1,41
projects/projects.js,102,js,379d2a08,Natalie Huynh,2026-05-01,17:50:58,-07:00,2026-05-01T17:50:58-07:00,1,48
projects/projects.js,103,js,e1033d29,Natalie Huynh,2026-05-01,16:47:47,-07:00,2026-05-01T16:47:47-07:00,1,35
projects/projects.js,104,js,379d2a08,Natalie Huynh,2026-05-01,17:50:58,-07:00,2026-05-01T17:50:58-07:00,0,57
projects/projects.js,105,js,e1033d29,Natalie Huynh,2026-05-01,16:47:47,-07:00,2026-05-01T16:47:47-07:00,1,48
projects/projects.js,106,js,e1033d29,Natalie Huynh,2026-05-01,16:47:47,-07:00,2026-05-01T16:47:47-07:00,1,22
projects/projects.js,107,js,e1033d29,Natalie Huynh,2026-05-01,16:47:47,-07:00,2026-05-01T16:47:47-07:00,0,0
projects/projects.js,108,js,e1033d29,Natalie Huynh,2026-05-01,16:47:47,-07:00,2026-05-01T16:47:47-07:00,0,0
projects/projects.js,109,js,e1033d29,Natalie Huynh,2026-05-01,16:47:47,-07:00,2026-05-01T16:47:47-07:00,0,10
projects/projects.js,110,js,e1033d29,Natalie Huynh,2026-05-01,16:47:47,-07:00,2026-05-01T16:47:47-07:00,0,0
projects/projects.js,111,js,e1033d29,Natalie Huynh,2026-05-01,16:47:47,-07:00,2026-05-01T16:47:47-07:00,0,12
projects/projects.js,112,js,379d2a08,Natalie Huynh,2026-05-01,17:50:58,-07:00,2026-05-01T17:50:58-07:00,0,61
projects/projects.js,113,js,379d2a08,Natalie Huynh,2026-05-01,17:50:58,-07:00,2026-05-01T17:50:58-07:00,0,26
projects/projects.js,114,js,e1033d29,Natalie Huynh,2026-05-01,16:47:47,-07:00,2026-05-01T16:47:47-07:00,0,49
projects/projects.js,115,js,e1033d29,Natalie Huynh,2026-05-01,16:47:47,-07:00,2026-05-01T16:47:47-07:00,1,25
projects/projects.js,116,js,e1033d29,Natalie Huynh,2026-05-01,16:47:47,-07:00,2026-05-01T16:47:47-07:00,1,18
projects/projects.js,117,js,e1033d29,Natalie Huynh,2026-05-01,16:47:47,-07:00,2026-05-01T16:47:47-07:00,1,10
projects/projects.js,118,js,e1033d29,Natalie Huynh,2026-05-01,16:47:47,-07:00,2026-05-01T16:47:47-07:00,0,1
projects/index.html,1,html,d0d94a60,Natalie Huynh,2026-03-30,23:13:51,-07:00,2026-03-30T23:13:51-07:00,0,13
projects/index.html,2,html,d0d94a60,Natalie Huynh,2026-03-30,23:13:51,-07:00,2026-03-30T23:13:51-07:00,0,14
projects/index.html,3,html,d0d94a60,Natalie Huynh,2026-03-30,23:13:51,-07:00,2026-03-30T23:13:51-07:00,0,4
projects/index.html,4,html,2c069bf0,Natalie Huynh,2026-04-02,13:23:21,-07:00,2026-04-02T13:23:21-07:00,1,20
projects/index.html,5,html,2c069bf0,Natalie Huynh,2026-04-02,13:23:21,-07:00,2026-04-02T13:23:21-07:00,1,68
projects/index.html,6,html,2c069bf0,Natalie Huynh,2026-04-02,13:23:21,-07:00,2026-04-02T13:23:21-07:00,1,21
projects/index.html,7,html,e1033d29,Natalie Huynh,2026-05-01,16:47:47,-07:00,2026-05-01T16:47:47-07:00,0,0
projects/index.html,8,html,2c069bf0,Natalie Huynh,2026-04-02,13:23:21,-07:00,2026-04-02T13:23:21-07:00,1,41
projects/index.html,9,html,368e5aff,Natalie Huynh,2026-04-24,18:12:26,-07:00,2026-04-24T18:12:26-07:00,0,0
projects/index.html,10,html,368e5aff,Natalie Huynh,2026-04-24,18:12:26,-07:00,2026-04-24T18:12:26-07:00,1,17
projects/index.html,11,html,565f5ce7,Natalie Huynh,2026-04-16,20:47:37,-07:00,2026-04-16T20:47:37-07:00,1,48
projects/index.html,12,html,368e5aff,Natalie Huynh,2026-04-24,18:12:26,-07:00,2026-04-24T18:12:26-07:00,1,47
projects/index.html,13,html,d0d94a60,Natalie Huynh,2026-03-30,23:13:51,-07:00,2026-03-30T23:13:51-07:00,0,5
projects/index.html,14,html,368e5aff,Natalie Huynh,2026-04-24,18:12:26,-07:00,2026-04-24T18:12:26-07:00,0,0
projects/index.html,15,html,d0d94a60,Natalie Huynh,2026-03-30,23:13:51,-07:00,2026-03-30T23:13:51-07:00,0,4
projects/index.html,16,html,368e5aff,Natalie Huynh,2026-04-24,18:12:26,-07:00,2026-04-24T18:12:26-07:00,1,38
projects/index.html,17,html,368e5aff,Natalie Huynh,2026-04-24,18:12:26,-07:00,2026-04-24T18:12:26-07:00,0,0
projects/index.html,18,html,e1033d29,Natalie Huynh,2026-05-01,16:47:47,-07:00,2026-05-01T16:47:47-07:00,1,35
projects/index.html,19,html,e1033d29,Natalie Huynh,2026-05-01,16:47:47,-07:00,2026-05-01T16:47:47-07:00,1,21
projects/index.html,20,html,e1033d29,Natalie Huynh,2026-05-01,16:47:47,-07:00,2026-05-01T16:47:47-07:00,2,58
projects/index.html,21,html,e1033d29,Natalie Huynh,2026-05-01,16:47:47,-07:00,2026-05-01T16:47:47-07:00,2,22
projects/index.html,22,html,e1033d29,Natalie Huynh,2026-05-01,16:47:47,-07:00,2026-05-01T16:47:47-07:00,1,4
projects/index.html,23,html,e1033d29,Natalie Huynh,2026-05-01,16:47:47,-07:00,2026-05-01T16:47:47-07:00,0,0
projects/index.html,24,html,e1033d29,Natalie Huynh,2026-05-01,16:47:47,-07:00,2026-05-01T16:47:47-07:00,1,41
projects/index.html,25,html,e1033d29,Natalie Huynh,2026-05-01,16:47:47,-07:00,2026-05-01T16:47:47-07:00,1,4
projects/index.html,26,html,e1033d29,Natalie Huynh,2026-05-01,16:47:47,-07:00,2026-05-01T16:47:47-07:00,2,15
projects/index.html,27,html,e1033d29,Natalie Huynh,2026-05-01,16:47:47,-07:00,2026-05-01T16:47:47-07:00,2,11
projects/index.html,28,html,e1033d29,Natalie Huynh,2026-05-01,16:47:47,-07:00,2026-05-01T16:47:47-07:00,2,26
projects/index.html,29,html,e1033d29,Natalie Huynh,2026-05-01,16:47:47,-07:00,2026-05-01T16:47:47-07:00,2,31
projects/index.html,30,html,e1033d29,Natalie Huynh,2026-05-01,16:47:47,-07:00,2026-05-01T16:47:47-07:00,1,0
projects/index.html,31,html,e1033d29,Natalie Huynh,2026-05-01,16:47:47,-07:00,2026-05-01T16:47:47-07:00,0,0
projects/index.html,32,html,e1033d29,Natalie Huynh,2026-05-01,16:47:47,-07:00,2026-05-01T16:47:47-07:00,1,19
projects/index.html,33,html,368e5aff,Natalie Huynh,2026-04-24,18:12:26,-07:00,2026-04-24T18:12:26-07:00,1,26
projects/index.html,34,html,368e5aff,Natalie Huynh,2026-04-24,18:12:26,-07:00,2026-04-24T18:12:26-07:00,0,0
projects/index.html,35,html,d0d94a60,Natalie Huynh,2026-03-30,23:13:51,-07:00,2026-03-30T23:13:51-07:00,0,5
projects/index.html,36,html,d0d94a60,Natalie Huynh,2026-03-30,23:13:51,-07:00,2026-03-30T23:13:51-07:00,0,5
contact/index.html,1,html,1b09c6f6,Natalie Huynh,2026-04-02,12:59:35,-07:00,2026-04-02T12:59:35-07:00,0,13
contact/index.html,2,html,1b09c6f6,Natalie Huynh,2026-04-02,12:59:35,-07:00,2026-04-02T12:59:35-07:00,0,14
contact/index.html,3,html,1b09c6f6,Natalie Huynh,2026-04-02,12:59:35,-07:00,2026-04-02T12:59:35-07:00,0,4
contact/index.html,4,html,c1c507aa,Natalie Huynh,2026-04-09,23:52:40,-07:00,2026-04-09T23:52:40-07:00,1,20
contact/index.html,5,html,c1c507aa,Natalie Huynh,2026-04-09,23:52:40,-07:00,2026-04-09T23:52:40-07:00,1,68
contact/index.html,6,html,c1c507aa,Natalie Huynh,2026-04-09,23:52:40,-07:00,2026-04-09T23:52:40-07:00,1,20
contact/index.html,7,html,c1c507aa,Natalie Huynh,2026-04-09,23:52:40,-07:00,2026-04-09T23:52:40-07:00,0,0
contact/index.html,8,html,c1c507aa,Natalie Huynh,2026-04-09,23:52:40,-07:00,2026-04-09T23:52:40-07:00,1,31
contact/index.html,9,html,c1c507aa,Natalie Huynh,2026-04-09,23:52:40,-07:00,2026-04-09T23:52:40-07:00,1,41
contact/index.html,10,html,565f5ce7,Natalie Huynh,2026-04-16,20:47:37,-07:00,2026-04-16T20:47:37-07:00,0,0
contact/index.html,11,html,c1c33477,Natalie Huynh,2026-04-16,20:45:57,-07:00,2026-04-16T20:45:57-07:00,1,16
contact/index.html,12,html,565f5ce7,Natalie Huynh,2026-04-16,20:47:37,-07:00,2026-04-16T20:47:37-07:00,1,48
contact/index.html,13,html,c1c33477,Natalie Huynh,2026-04-16,20:45:57,-07:00,2026-04-16T20:45:57-07:00,0,0
contact/index.html,14,html,1b09c6f6,Natalie Huynh,2026-04-02,12:59:35,-07:00,2026-04-02T12:59:35-07:00,0,5
contact/index.html,15,html,c1c507aa,Natalie Huynh,2026-04-09,23:52:40,-07:00,2026-04-09T23:52:40-07:00,0,0
contact/index.html,16,html,1b09c6f6,Natalie Huynh,2026-04-02,12:59:35,-07:00,2026-04-02T12:59:35-07:00,0,4
contact/index.html,17,html,c1c507aa,Natalie Huynh,2026-04-09,23:52:40,-07:00,2026-04-09T23:52:40-07:00,1,14
contact/index.html,18,html,c1c507aa,Natalie Huynh,2026-04-09,23:52:40,-07:00,2026-04-09T23:52:40-07:00,0,0
contact/index.html,19,html,c1c507aa,Natalie Huynh,2026-04-09,23:52:40,-07:00,2026-04-09T23:52:40-07:00,1,19
contact/index.html,20,html,329bb494,Natalie Huynh,2026-04-16,22:22:45,-07:00,2026-04-16T22:22:45-07:00,1,59
contact/index.html,21,html,c1c507aa,Natalie Huynh,2026-04-09,23:52:40,-07:00,2026-04-09T23:52:40-07:00,0,0
contact/index.html,22,html,c1c507aa,Natalie Huynh,2026-04-09,23:52:40,-07:00,2026-04-09T23:52:40-07:00,2,5
contact/index.html,23,html,c1c507aa,Natalie Huynh,2026-04-09,23:52:40,-07:00,2026-04-09T23:52:40-07:00,3,4
contact/index.html,24,html,c1c507aa,Natalie Huynh,2026-04-09,23:52:40,-07:00,2026-04-09T23:52:40-07:00,3,40
contact/index.html,25,html,c1c507aa,Natalie Huynh,2026-04-09,23:52:40,-07:00,2026-04-09T23:52:40-07:00,2,6
contact/index.html,26,html,c1c507aa,Natalie Huynh,2026-04-09,23:52:40,-07:00,2026-04-09T23:52:40-07:00,0,0
contact/index.html,27,html,c1c507aa,Natalie Huynh,2026-04-09,23:52:40,-07:00,2026-04-09T23:52:40-07:00,2,5
contact/index.html,28,html,c1c507aa,Natalie Huynh,2026-04-09,23:52:40,-07:00,2026-04-09T23:52:40-07:00,3,6
contact/index.html,29,html,c1c507aa,Natalie Huynh,2026-04-09,23:52:40,-07:00,2026-04-09T23:52:40-07:00,3,20
contact/index.html,30,html,c1c507aa,Natalie Huynh,2026-04-09,23:52:40,-07:00,2026-04-09T23:52:40-07:00,2,6
contact/index.html,31,html,c1c507aa,Natalie Huynh,2026-04-09,23:52:40,-07:00,2026-04-09T23:52:40-07:00,0,0
contact/index.html,32,html,c1c507aa,Natalie Huynh,2026-04-09,23:52:40,-07:00,2026-04-09T23:52:40-07:00,2,5
contact/index.html,33,html,c1c507aa,Natalie Huynh,2026-04-09,23:52:40,-07:00,2026-04-09T23:52:40-07:00,3,3
contact/index.html,34,html,c1c507aa,Natalie Huynh,2026-04-09,23:52:40,-07:00,2026-04-09T23:52:40-07:00,3,31
contact/index.html,35,html,c1c507aa,Natalie Huynh,2026-04-09,23:52:40,-07:00,2026-04-09T23:52:40-07:00,2,6
contact/index.html,36,html,c1c507aa,Natalie Huynh,2026-04-09,23:52:40,-07:00,2026-04-09T23:52:40-07:00,0,0
contact/index.html,37,html,c1c507aa,Natalie Huynh,2026-04-09,23:52:40,-07:00,2026-04-09T23:52:40-07:00,2,35
contact/index.html,38,html,c1c507aa,Natalie Huynh,2026-04-09,23:52:40,-07:00,2026-04-09T23:52:40-07:00,0,0
contact/index.html,39,html,c1c507aa,Natalie Huynh,2026-04-09,23:52:40,-07:00,2026-04-09T23:52:40-07:00,1,5
contact/index.html,40,html,1b09c6f6,Natalie Huynh,2026-04-02,12:59:35,-07:00,2026-04-02T12:59:35-07:00,0,0
contact/index.html,41,html,1b09c6f6,Natalie Huynh,2026-04-02,12:59:35,-07:00,2026-04-02T12:59:35-07:00,0,5
contact/index.html,42,html,1b09c6f6,Natalie Huynh,2026-04-02,12:59:35,-07:00,2026-04-02T12:59:35-07:00,0,5
